parent_hashtag;Instagram_auto_desc;post_date
climate;"tree, grass and text that says '""Human nature is an ideological construct that makes the current organization of society our 'systems') seem natural, and prevents us from doing the hard work of redistributing power and building new systems."" Dr. Genevieve Guenther MONARCH GARDENS MONARCHGARD.COM'.";2022-03-11
climate;nature, body of water and tree.;2022-03-04
climate;bridge.;2022-03-12
climate;skyscraper.;2022-03-09
climate;map and text that says 'Land elevation (m) Ocean depth m) 1000 2000 7000 600'.;2022-03-09
climate;car and outdoors.;2022-03-09
climate;car and outdoors.;2022-03-11
climate;Photo by Ruben L. Oppenheimer on March 10, 2022. May be an illustration.;2022-03-10
climate;"sky, body of water and text that says '""Temporarily exceeding global warming of 1.5¬∞‚ÑÉ will result in severe impacts for nature, [...] some irreversible"" RescuePlanetLife Save our Planet *New IPCC report'.";2022-03-12
climatechange;Photo by Fabio Forcinelli on March 10, 2022.;2022-03-10
climatechange;text that says 'NON-STICK PAN MATERIALS BEST Cast iron Carbon steel Stainless steel BETTER Ceramic coated NOT RECOMMENDED ¬∑PFOA free Teflon (PT) Nonstick coating BECAUSE/HEALTH'.;2022-03-10
2658575336407781473;food and text that says 'Reduce your foodprint. Each time you choose to eat plant foods instead of animals, you save water, soil and animal habitat, you protect the world from climate change, and you save an animal's life. What is your food's footprint? VeganStreet.com com veganstreet patreon.'.;2022-03-11
climatechange;horse, outdoors and text.;2022-03-11
climatechange;sky and text that says 'Who benefits from environmentally harmful subsidies? $620‡∏ø Fossil Fuel Industry $520‡∏ø Agricultural Industry'.;2022-03-12
climatechange;bicycle and text that says 'This Machine. Fights Oil Wars'.;2022-03-11
climatechange;"text that says 'Adrian Pietrzak @zoningwonk Mar 8 The small price ""freedom:"" climate change, asthma, crashes, lung cancer, increased dementia risk, billions $$$ highway expansion& upkeep, lost time in traffic, deforestation from sprawl, wars over oil, demolished communities, politics totally dependent on gas prices... Brent Toderian @BrentToderian Mar It's still amazing me that we ourselves be tricked into buying that THIS is what ""freedom"" looks like. #cardependency'.";2022-03-11
climatechange;text that says 'When you ride ALONE you ride with Putin! Carpool, auoid unnecessary car trips, use transit, walk, or ride a bike TODAY!'.;2022-03-11
climatechange;"text that says 'i:lai driskel @e_d_driscoll Oil crisis? Reduce speed limits; reduce public transport fares; eliminate tax on bicycles, electric bicycles, electric scooter; make cycling, walking, scootering easier and safer everywhere'.";2022-03-11
climatechange;text that says 'Jamie Sayers @J16Sayers Mar 7 Just a reminder.. Diesel Super Super Plus 1460 1560 1560 ‡¥ï 0000'.;2022-03-11
climatechange;text that says 'Drew Bauer @kafkatzie now that we see how reliant we are on other energy resources, maybe we should build our cities to be more efficient with how we travel using better public transportation and cycling infrastructure. #climate #energy #economy #construction #energycrisis'.;2022-03-11
climatechange;Photo by Cyclista Zine on March 11, 2022. May be a cartoon of text that says 'NO EXIT Andy Singer TRANSPORTATION POLICY... ‡¶™‡¶∞‡¶∞·ûâ BEGETS ENERGY POLICY... BEGETS FOREIGN POLICY... aitn'.;2022-03-11
climatechange;text that says 'Adrian Pietrzak @zoningwonk Every oil crisis is an opportunity to reduce our oil dependence with proven methods: running more trains, more buses, and building housing near transit. Not gonna happen by waiting patiently for every Ford F-150 driver to go electric Javier Blas @JavierBlas CHART OF THE DAY: The Brent crude oil market, since the launch futures June 1988 to today (nominal prices). The high today was $139.13 barrel, still below the all-time high of $147.50 barrel set July 2008. #OOTT #Ukraine ...rentco.. 8:19 PM Mar 2022'.;2022-03-11
climatechange;Photo by Cyclista Zine on March 11, 2022. May be a meme of text that says '·ÅÅ I FUCKING LOVE CAR DEPENDENCY /LOVE NOT BEING ABLE TO WALK ORBIKE ANYWHERE AND HAVING NO VIABLE VIABLEMEANS OF PUBLIC TRANSPORTATION mgflip.com'.;2022-03-11
climatechange;text that says 'SpokenTruthRevolution with... @spokentruthrev The US government needs to be held accountable about the Wuhan Lab and the many bio labs (funded by DoD... the CDC/NIH) that are throughout Ukraine. Accountability is required.'.;2022-03-12
climatechange;8 people, people standing and outdoors.;2022-03-13
climatechange;text.;2022-03-13
climateaction;text that says 'The Frontline SaturdaySphere Atmos Atmos Gender & Climate Justice'.;2022-03-05
climateaction;text that says 'The Frontline SaturdaySphere An intro to intersectionality Atmos Racial Identity Nationality Gender Physical Ability Sexual Orientation Civil rights advocate and law professor Kimberl√© Crenshaw coined the term in 1989 to highlight the areas where systems of oppression overlap and combine to create unique social issues that are often overlooked. These include gender, race, physical ability, nationality, and sexual orientation. Sources: Womankind Worldwide, YW Boston'.;2022-03-05
climateaction;text that says 'The Frontline SaturdaySphere Atmos Gender and climate are connected. Gender Climate Justice Women are disproportionately impacted- of people climate change displaces are women. In many communities, women are responsible for gathering food and water, but global temperature rise is making this more difficult. It's also harming their mental health and safety. Reports of domestic violence often increase following extreme weather. Sources: BBC, Project Drawdown, IUCN, Gizmodo'.;2022-03-05
climateaction;"text that says 'The Frontline SaturdaySphere Atmos ""Women"" means all women. Transgender women are women. They not only face some of the same obstacles as cis women, they are also oppressed and excluded by discrimination and social stigma toward the trans community. For example, the unemployment ment rate for transgender individuals in the U.S. is twice that of the population as a whole, leaving them more vulnerable to houselessness and poverty. Sources: Down To Earth, National GBTQ √õ Task Force'.";2022-03-05
climateaction;text that says 'Frontline SaturdaySphere Atmos Trans women deserve recognition. Emergency response and disaster relief services don't always include trans women, making them especially vulnerable when disasters hit They may face discrimination when accessing shelters or filling out applications for government aid, especially if they have to disclose the names they were given at birth. √õource: Policy Briet from √õ UC rvine and University of Georgia'.;2022-03-05
climateaction;text that says 'The Frontline SaturdaySphere Atmos Women's voices are vital for climate justice. When education levels for women and girls rise, their political, social, and economic standings improve. So does their reproductive healthcare. Women often hold community knowledge and understand how to adapt to the changing climate and how to devise practical solutions. The latest IPCC report released last month contained more women authors than previous reports, a marker that things are slowly changing. Sources: Project Drawdown, IUCN The 9th'.;2022-03-05
climateaction;text that says 'The Frontline SaturdaySphere Atmos Viewing environmentalism through an intersectional lens allows us to see how existing social issues exacerbate environmental issues. It's only with this outlook that climate solutions can be effective and beneficial for everyone.'.;2022-03-05
climateaction;text that says 'i FORBES Paint is the largest source of microplastics in the ocean WASTE ED'.;2022-03-10
climateaction;food and text that says 'Reduce your foodprint. Each time you choose to eat plant foods instead of animals, you save water, soil and animal habitat, you protect the world from climate change, and you save an animal's life. What is your food's footprint? VeganStreet.com com veganstreet patreon.'.;2022-03-11
climateaction;text that says 'This Designer Turns Citrus Fruit Waste Into Silk-like Fabric, Diverts 700,000 Tons of Citrus Waste'.;2022-03-10
climateaction;ocean and nature.;2022-03-11
climateaction;text that says 'Reasons to hope Sydney is the first city in the world to filter and monitor microplastics in the water 24/7'.;2022-03-09
climateaction;one or more people, people standing, outdoors and text that says 'These Sisters Turn Discarded Plastic Into Bricks That Are Fire Retardant And Stronger Than Ordinary Bricks CEET'.;2022-03-04
climateaction;map and text that says 'TAP ONCE FOR CLIMATE HOPE'.;2022-03-11
climateaction;"one or more people, braids and text that says '""Women are not just victims, vulnerable to the_worst the worst effects of climate breakdown. Overwhelmingly, they are also the key to solving and leading positive climate futures."" Joycelyn Longdon, Climate in Colour'.";2022-03-08
climateaction;"one or more people, jewelry, outdoors and text that says '""Women play a critical role in food production. Direct impacts of climate change affecting food production affect women. While we have that, we also have lot of women championing for a better environment and are playing a big role in climate action."" Anita Soina, Spice Warriors Kenya'.";2022-03-08
climateaction;"one or more people and text that says '""We have to talk about the unique struggles of BIPOC women in the climate space. As an Asian American woman myself, my personal struggle has been around being very underestimated and undermined in this work."" ""It is due to other BIPOC women's support, collective wisdom, and nurturing energy that I've been able to keep going and create avenues for others to do this work as well."" Kristy Drutman, @browngirl_green'.";2022-03-08
climateaction;"one or more people, flower and text that says '""Our planet is being treated the way women have been treated all throughout history exploited, extracted from, and disrespected in so many ways. You cannot separate the fight for equality for women and the fight to save our planet, they are the same fight."" Jamie Margolin, Zero Hour'.";2022-03-08
climateaction;"‚Äéone or more people, braids, eyeglasses, outdoors and ‚Äétext that says '‚Äé◊üI€± ""Women are leading the way in developing equitable climate solutions. As a result, women's empowerment is deeply connected the protection of our planet and one cannot be achieved without the other."" Arielle King, Intersectional Environmentalist‚Äé'‚Äé‚Äé.";2022-03-08
climateaction;"one or more people and text that says '""Equality won't be handed down to us. It won't just appear. If we want it, we need to fight for it"" Luisa Neubauer, Fridays for Future'.";2022-03-08
climateaction;"one or more people, people standing, outdoors and text that says '""Ïù¥Ïù¥Ïä§Ïä§ 4Ÿ†0/0Ÿ°4 ÏãúÏãúÏãú ÏãúÏãúÏãúÏä§Ïä§Ïä§! ""In addition to their gendered burdens, women of the Global South have been forced to carry the additional burden and effort of saving humanity's future, when it should be shared by us all. It's high time the rest of us step up.' Padmini Gopal, @climatekarma'.";2022-03-08
climateaction;"one or more people, braids, outdoors and text that says '""We are drowning in promises. Commitments will not reduce CO2. Promises will not stop the suffering of people. Pledges will not stop the planet from warming. Only immediate and drastic action will pull us back from the abyss."" Vanessa Nakate, Rise Up Africa'.";2022-03-08
climateaction;"one or more people, people standing and text that says 'and to be ""Women and girls are, continue disproportionately affected by the impacts of climate change. Women, especially women of colour are more vulnerable to the consequences of climate change but are so often excluded from the decision-making process; gender justice is not possible without women' meaningful participation, decision-making power and involvement."" Veronica Mulenga, VroaM,Yo Youth Climate Save Zambia'.";2022-03-08
climateaction;"one or more people, headscarf and text that says '""The or be road to climate justice can not be concurring, or control, fighting, it must harmony, love, and gentleness. We must learn from the people who are still alive after power and greed tried to kill them over and over again. We must learn that harmony, and gentleness is not weakness or nomadic simplicity, these are the traits of our mother. These are the things that have kept us alive. Ayisha Siddiqa, Polluters Out'.";2022-03-08
climatecrisis;text that says 'We spend billions of dollars to find life on other planets ...and trillions of dollars killing the life n this one'.;2022-03-06
climatecrisis;"text that says 'math prof @mathematicsprof Quote by a forest ranger at Yosemite National Park on why it is hard to design the perfect garbage bin to keep bears from breaking into it: ""There is considerable overlap between the intelligence of the smartest bears and the dumbest tourists.""'.";2022-03-12
climatecrisis;"one or more people, braids and text that says '""Women are not just victims, vulnerable to the_worst the worst effects of climate breakdown. Overwhelmingly, they are also the key to solving and leading positive climate futures."" Joycelyn Longdon, Climate in Colour'.";2022-03-08
climatecrisis;"one or more people, jewelry, outdoors and text that says '""Women play a critical role in food production. Direct impacts of climate change affecting food production affect women. While we have that, we also have lot of women championing for a better environment and are playing a big role in climate action."" Anita Soina, Spice Warriors Kenya'.";2022-03-08
climatecrisis;"one or more people and text that says '""We have to talk about the unique struggles of BIPOC women in the climate space. As an Asian American woman myself, my personal struggle has been around being very underestimated and undermined in this work."" ""It is due to other BIPOC women's support, collective wisdom, and nurturing energy that I've been able to keep going and create avenues for others to do this work as well."" Kristy Drutman, @browngirl_green'.";2022-03-08
climatecrisis;"one or more people, flower and text that says '""Our planet is being treated the way women have been treated all throughout history exploited, extracted from, and disrespected in so many ways. You cannot separate the fight for equality for women and the fight to save our planet, they are the same fight."" Jamie Margolin, Zero Hour'.";2022-03-08
climatecrisis;"‚Äéone or more people, braids, eyeglasses, outdoors and ‚Äétext that says '‚Äé◊üI€± ""Women are leading the way in developing equitable climate solutions. As a result, women's empowerment is deeply connected the protection of our planet and one cannot be achieved without the other."" Arielle King, Intersectional Environmentalist‚Äé'‚Äé‚Äé.";2022-03-08
climatecrisis;"one or more people and text that says '""Equality won't be handed down to us. It won't just appear. If we want it, we need to fight for it"" Luisa Neubauer, Fridays for Future'.";2022-03-08
climatecrisis;"one or more people, people standing, outdoors and text that says '""Ïù¥Ïù¥Ïä§Ïä§ 4Ÿ†0/0Ÿ°4 ÏãúÏãúÏãú ÏãúÏãúÏãúÏä§Ïä§Ïä§! ""In addition to their gendered burdens, women of the Global South have been forced to carry the additional burden and effort of saving humanity's future, when it should be shared by us all. It's high time the rest of us step up.' Padmini Gopal, @climatekarma'.";2022-03-08
climatecrisis;"one or more people, braids, outdoors and text that says '""We are drowning in promises. Commitments will not reduce CO2. Promises will not stop the suffering of people. Pledges will not stop the planet from warming. Only immediate and drastic action will pull us back from the abyss."" Vanessa Nakate, Rise Up Africa'.";2022-03-08
climatecrisis;"one or more people, people standing and text that says 'and to be ""Women and girls are, continue disproportionately affected by the impacts of climate change. Women, especially women of colour are more vulnerable to the consequences of climate change but are so often excluded from the decision-making process; gender justice is not possible without women' meaningful participation, decision-making power and involvement."" Veronica Mulenga, VroaM,Yo Youth Climate Save Zambia'.";2022-03-08
climatecrisis;"one or more people, headscarf and text that says '""The or be road to climate justice can not be concurring, or control, fighting, it must harmony, love, and gentleness. We must learn from the people who are still alive after power and greed tried to kill them over and over again. We must learn that harmony, and gentleness is not weakness or nomadic simplicity, these are the traits of our mother. These are the things that have kept us alive. Ayisha Siddiqa, Polluters Out'.";2022-03-08
climatecrisis;text that says 'In case you missed it: We're going to Court'.;2022-03-12
climatecrisis;tree and text that says 'We've been given permission to bring judicial review proceedings in our legal challenge against Government's dangerously threadbare Net Zero strategy, alongside our friends at Client Earth and Friends of the Earth.'.;2022-03-12
climatecrisis;text that says 'The current strategy lacks a real pathway to ensure we reduce greenhouse gases to Net Zero by 2050, and we know the time to act on the climate emergency is now. Follow for updates on this case.'.;2022-03-12
climatecrisis;animal, grass and text that says 'ROWDY GIRL Sanctuary NOTHING IS WORSE THAN DAIRY'.;2022-03-13
climatecrisis;outdoors and text that says 'Polar Bears Are Starving.'.;2022-03-13
climatecrisis;Photo by Dan Rather Tweets on March 08, 2022. May be a Twitter screenshot of one or more people and text that says 'Dan Rather @DanRather Leading the world away from a dependence on fossil fuels is a matter of national and global security.'.;Unknown
climatecrisis;text that says 'EARTHLY EDUCATION HOW MUC ARE WE GOING TO WAIT? RICH PEOPLE POOR PEOPLE ANIMALS CLIMATE CHANGE'.;2022-03-09
climatecrisis;one or more people, people standing and text that says 'Michaela Capone @livingcapo.... 1d the irony is real Drilling oil in the United States Drilling oil in Russia, Venezuela, and Iran'.;2022-03-10
climatechangeisreal;emperor penguin, nature;2022-03-07
climatechangeisreal;nature, mountain and lake.;2022-03-03
climatechangeisreal;sky, mountain and nature.;2022-02-27
climatechangeisreal;nature and tree.;2022-02-27
climatechangeisreal;tree, mountain and nature.;2022-02-27
climatechangeisreal;body of water and nature.;2022-02-27
climatechangeisreal;lake, nature and tree.;2022-02-27
climatechangeisreal;nature.;2022-02-27
climatechangeisreal;lake, nature, sky, mountain and tree.;2022-02-27
climatechangeisreal;mountain and nature.;2022-02-27
climatechangeisreal;tree, nature and body of water.;2022-02-27
climatechangeisreal;lake, tree and nature.;2022-02-27
climatechangeisreal;text that says 'CLIMATE CHANGE 'We are all visitors to this time, this place. We are just passing through. Our purpose here is to observe, to learn, to grow, to love...and then we return home.' ABORIGINAL PROVERB CLIMATE CHANGE IS REAL'.;2022-02-24
climatechangeisreal;Photo by Fabio Forcinelli on February 16, 2022. May be a cartoon of text.;2022-02-16
climatechangeisreal;tree, sky, nature and twilight.;2022-02-18
climatechangeisreal;sky, nature and twilight.;2022-02-18
climatechangeisreal;one or more people, monument and text that says 'Climate Change Is Real. ....... Washington D.C. Forecast: 74F (23.3C) Today 36F (2.2C) Tomorrow'.;2022-02-25
climatechangeisreal;tree and nature.;2022-03-09
climatechangeisreal;nature and mountain.;2022-03-09
climatechangeisreal;nature.;2022-03-09
climatechangeisreal;sky and nature.;2022-03-09
climatechangeisreal;tree, mountain and nature.;2022-03-09
climatechangeisreal;nature.;2022-03-09
climatechangeisreal;mountain and nature.;2022-03-09
climatechangeisreal;road and nature.;2022-03-09
climatechangeisreal;road and nature.;2022-03-09
climatechangeisreal;sky, mountain and nature.;2022-03-09
climatestrike;Photo by AfenyiAfenyi on February 07, 2022. May be an illustration.;2022-02-07
climatestrike;Photo shared by AfenyiAfenyi on February 07, 2022 tagging @wacom, @illustration_daily, @wacomdepotgh, @orobeforobef, and @wacom_mea. May be a cartoon.;2022-02-07
climatestrike;Photo by AfenyiAfenyi on February 07, 2022. May be a cartoon.;2022-02-07
climatestrike;one or more people, people standing and outdoors.;2022-03-13
climatestrike;Photo by Irenka Pareto on February 28, 2022.;2022-03-02
climatestrike;text that says 'A Socialism 101 event Anti-capitalist Environmentalism Sunday People's Republic Anvnf 13Febuary, studentsand of Stokes Croft young young 1-5pm 14 Hillgrove St, .stdby the Socialist Bristol BS2 8JT Workers Party'.;2022-02-06
climatestrike;text that says 'SIGN PETITION! Demand Fossil Fuel Company OCP Ecuador Clean Up Their Oil Spill in the Amazon LINK IN BIO! onegreenplanet.org'.;2022-02-23
climatestrike;one or more people, people standing, outdoors and text that says 'CLIMATE DELAY MEANS DEATH'.;2022-03-06
climatestrike;text.;2022-02-14
climatestrike;map and text that says 'WE ALL SHARE THE SAME HOME @vegan.frank'.;2022-02-24
climatestrike;one or more people and people standing.;2022-03-03
climatestrike;one or more people, people standing and outdoors.;2022-03-03
climatestrike;child, standing and outdoors.;2022-03-03
climatestrike;one or more people, people standing and outdoors.;2022-03-03
climatestrike;Photo shared by Daniel | fotograf aktywista on March 03, 2022 tagging @daniel_petryczkiewicz. May be a closeup of one or more people.;2022-03-03
climatestrike;one or more people and people standing.;2022-03-03
climatestrike;one or more people, people standing and outdoors.;2022-03-03
climatestrike;one or more people, people standing and text that says 'STOP THE WAR THERE IS NO TIME TO WAIT'.;2022-03-03
climateemergency;text that says 'In case you missed it: We're going to Court'.;2022-03-12
climateemergency;tree and text that says 'We've been given permission to bring judicial review proceedings in our legal challenge against Government's dangerously threadbare Net Zero strategy, alongside our friends at Client Earth and Friends of the Earth.'.;2022-03-12
climateemergency;text that says 'The current strategy lacks a real pathway to ensure we reduce greenhouse gases to Net Zero by 2050, and we know the time to act on the climate emergency is now. Follow for updates on this case.'.;2022-03-12
climateemergency;3 people, people standing and outdoors.;2022-03-10
climateemergency;sky and text that says '¬øPor qu√© son importantes? Los procesos √∫nicos que tienen lugar en estos ecosistemas aportan una gran cantidad de beneficios a la sociedad y a la biodiversidad que se desarrolla en ellos. ABASTECIMIENTO DE AGUA LIMPIA REGULACI√ìN DEL CLIMA PROVISI√ìN DE ALIMENTOS REE AMORTIGUACI√ìN DE INUNDACIONES @defensoresdelpastizal'.;2022-03-10
climateemergency;deer and text that says 'TRES TRES COSAS qUE POD√âS HACER POR PAULA PPELLT LOS ANIMALES DE CORRIENTES'.;2022-03-10
climateemergency;fire, outdoors and text that says 'MEDIO MILL√ìN DIE HECT√ÅREAS YA ARDIERON EN CORRIENTES #BastaDeQuemas #CorrientesArde'.;2022-03-10
climateemergency;animal and text that says 'escapan del fuego pumas y yacar√©s atrapados entre los incendios de Corrientes February 21, 2022'.;2022-03-10
climateemergency;"sky and text that says 'El impacto de las quemas, que se realizan para ""limpiar"" terrenos para cultivos y para ""renovar"" pasturas para el ganado, se agrava con la baja extraordinaria del R√≠o Paran√° y la presencia de m√∫ltiples focos simult√°neos sin planificaci√≥n ni control. RiOGRAND Uruguay @defensoresdelpastizal'.";2022-03-10
climateemergency;text that says 'EXIGIMOS el cumplimiento efectivo de esta ley que ya lleva en vigencia 14 A√ëOS ¬°NO TENEMOS M√ÅS TIEMPO! EL ESTADO ES RESPONSABLE @defensoresdelpastizal pastizal'.;2022-03-10
climateemergency;sky and text that says 'House House collapses into ocean and scatters debris for miles U.S.NEWS U.S. NEWS NEWS'.;2022-02-13
climateemergency;one or more people and text that says 'WE DON'T NEED RUSSIA'S OIL AND GAS. WHAT WE NEED IS AMERICAN-MADE MADE CLEAN ENERGY. THAT IS WHY I HAVE INTRODUCED A BILL TO END RUSSIAN OIL IMPORTS, CONFRONT THE CLIMATE CRISIS, AND CUT OFF PUTIN FROM BILLIONS OF AMERICAN DOLLARS. SEN.ED MARKEY act.tv'.;2022-03-04
climateemergency;Photo by James Hillier on March 08, 2022. May be a cartoon of one or more people and text.;2022-03-08
climateemergency;"text that says '""Never Again"" Is Happening Now.'.";2022-03-13
climateemergency;outdoors and text that says 'We Need Price Controls For Gas Prices Because Capitalism Is Failing The World With Respect To Fossil Fuels.'.;2022-03-12
climateemergency;text that says 'EARTHLY EDUCATION HOW MUC ARE WE GOING TO WAIT? RICH PEOPLE POOR PEOPLE ANIMALS CLIMATE CHANGE'.;2022-03-09
climateemergency;outdoors and text that says 'Polar Bears Are Starving.'.;2022-03-13
climatejustice;one or more people, people standing and text that says 'A growing force in the climate movement: Moms Activists are deploying the moral authority of mothers to push for climate action. Their protests must steer clear of nap time.'.;2022-03-12
climatejustice;text.;2022-03-12
climatejustice;"child, standing, outdoors and text that says 'Chandra Bocci, mother of a 4-year-old in Brooklyn, summed up her motivation this way: ""I want to be able to say to my kid, 'We're trying to do something.""""'.";2022-03-12
climatejustice;text that says 'New York City. Others, like Bocci's group, Sunrise Kids NYC, have singled out fossil fuel financiers, once staging what they called a protest play date at the Westchester County farmhouse of Larry Fink, the BlackRock chairman. Climate Forward There's an ongoing crisis- and tons of news. Our newsletter keeps you up to date. Get it sent to your inbox. As Bocci and I spoke on a video call, her son Vesper climbed onto her lap to complain that he didn't get a chance to press Fink's doorbell repeatedly, as the other kids had. (More on'.;2022-03-12
climatejustice;text.;2022-03-12
climatejustice;"text that says 'Sunrise Kids, part of a network called NYC Climate Families Coalition, are mostly moms of toddlers. They work the playgrounds and armers markets. They meet online in the evening after their kids are in bed. They plan protests on weekends, steering clear of nap times. Several of the members of Sunrise Kids said they felt consumed by the climate crisis once they became parents. They found individual action, like composting, to be inadequate. They turned to each other to take on what Fontes, mother of a 2-year-old and another due soon, called ""the levers of power.""'.";2022-03-12
climatejustice;text that says 'EARTHLY EDUCATION HOW MUC ARE WE GOING TO WAIT? RICH PEOPLE POOR PEOPLE ANIMALS CLIMATE CHANGE'.;2022-03-09
climatejustice;text that says 'The Frontline SaturdaySphere Atmos Atmos Gender & Climate Justice'.;2022-03-05
climatejustice;text that says 'The Frontline SaturdaySphere An intro to intersectionality Atmos Racial Identity Nationality Gender Physical Ability Sexual Orientation Civil rights advocate and law professor Kimberl√© Crenshaw coined the term in 1989 to highlight the areas where systems of oppression overlap and combine to create unique social issues that are often overlooked. These include gender, race, physical ability, nationality, and sexual orientation. Sources: Womankind Worldwide, YW Boston'.;2022-03-05
climatejustice;text that says 'The Frontline SaturdaySphere Atmos Gender and climate are connected. Gender Climate Justice Women are disproportionately impacted- of people climate change displaces are women. In many communities, women are responsible for gathering food and water, but global temperature rise is making this more difficult. It's also harming their mental health and safety. Reports of domestic violence often increase following extreme weather. Sources: BBC, Project Drawdown, IUCN, Gizmodo'.;2022-03-05
climatejustice;"text that says 'The Frontline SaturdaySphere Atmos ""Women"" means all women. Transgender women are women. They not only face some of the same obstacles as cis women, they are also oppressed and excluded by discrimination and social stigma toward the trans community. For example, the unemployment ment rate for transgender individuals in the U.S. is twice that of the population as a whole, leaving them more vulnerable to houselessness and poverty. Sources: Down To Earth, National GBTQ √õ Task Force'.";2022-03-05
climatejustice;text that says 'Frontline SaturdaySphere Atmos Trans women deserve recognition. Emergency response and disaster relief services don't always include trans women, making them especially vulnerable when disasters hit They may face discrimination when accessing shelters or filling out applications for government aid, especially if they have to disclose the names they were given at birth. √õource: Policy Briet from √õ UC rvine and University of Georgia'.;2022-03-05
climatejustice;text that says 'The Frontline SaturdaySphere Atmos Women's voices are vital for climate justice. When education levels for women and girls rise, their political, social, and economic standings improve. So does their reproductive healthcare. Women often hold community knowledge and understand how to adapt to the changing climate and how to devise practical solutions. The latest IPCC report released last month contained more women authors than previous reports, a marker that things are slowly changing. Sources: Project Drawdown, IUCN The 9th'.;2022-03-05
climatejustice;text that says 'The Frontline SaturdaySphere Atmos Viewing environmentalism through an intersectional lens allows us to see how existing social issues exacerbate environmental issues. It's only with this outlook that climate solutions can be effective and beneficial for everyone.'.;2022-03-05
climatejustice;text that says 'Ausgang Exit Tram Marienhof zur Oberfl√§che togrouneve BUS WC MVG SWM Kundencenter Marienplatz Ausgang Exit'.;2022-03-13
climatejustice;outdoors and text.;2022-02-20
climatejustice;Photo by XR Victoria, Australia on March 06, 2022. May be a cartoon of text.;2022-03-06
climatejustice;"text that says '""Never Again"" Is Happening Now.'.";2022-03-13
climatejustice;outdoors and text that says 'Polar Bears Are Starving.'.;2022-03-13
actonclimate;text that says 'Climate Dad @ClimateDad77 If we could actually SEE the world our kids will face in 20, 30 years time 'm convinced we' be ripping this consumption-obsessed system apart with our bare hands. 22:15 20/01/2022 Twitter for iPhone 867 Retweets 62 Quote Tweets 3,613 Likes'.;2022-01-26
actonclimate;one or more people and text that says 'Such a powerful image the Minister from Tuvalu in the South Pacific delivered his speech to COP26 from the sea to illustrate the crisis they face with rising sea levels Hobilok savehabitat'.;2021-11-14
actonclimate;Photo by 350 Seattle on December 24, 2021. May be a cartoon of text.;2021-12-25
actonclimate;drink and text that says '3 THINGS Coca-Cola DOESN'T WANT YOU TO KNOW 1 2 3 They produce over 120 billion throwaway plastic bottles every year -over 3,800 a second. They've been named top plastic polluter in every global brand audit to date. They're still increasing the number of single use plastic bottles they use. GREENPEACE savehabitat'.;2021-12-31
actonclimate;text that says 'EARTHLY EDUCATION HOW MUC ARE WE GOING TO WAIT? RICH PEOPLE POOR PEOPLE ANIMALS CLIMATE CHANGE'.;2022-03-09
actonclimate;bird and outdoors.;2022-03-09
actonclimate;nature.;2022-03-09
actonclimate;nature.;2022-03-09
actonclimate;child and indoor.;2021-11-18
actonclimate;tree, mountain and nature.;2022-01-13
actonclimate;1 person and text that says 'Jenniferlacopelli Jennifer lacopelli @jennifercarolyn School libraries don't need you to donate copies of Maus and other banned books. They need you to step up and run for the school board so the books don't get banned in the first place.'.;2022-02-01
climateactionnow;"outdoors and text that says 'Nature science oleet ""Hope STORY has been waiting for,"" ha THE ahret th OF MORE and Where to from How Got to We Go Here Climate Change HOPE Author JAHREN of Lab Girl Bestselling'.";2022-01-24
climateactionnow;nature, body of water, tree and text that says 'CLIMATE ACTION NOW NOW'.;2022-02-28
climateactionnow;road and text that says 'Problem ELAN Diesel 07 & TED L√∂sung'.;2022-03-10
climateactionnow;1 person, ring and text that says 'Clothes that cost less than a cup of your favorite starbucks coffee, cannot be made in a way that keeps women safe. -Ayesha Barenblat'.;2022-01-18
climateactionnow;text.;2022-03-09
climateactionnow;1 person and text that says 'Massachusetts plans to switch one million homes from oil or gas to AIR-SOURCED heat pumps by 2030.'.;2022-02-24
climateactionnow;outdoors and text that says 'THE GOVERNMENT is letting flood-stricken farm animals starve. Animal Justice Party NSW'.;2022-03-09
climateactionnow;lightning and nature.;2022-02-27
climateactionnow;"text that says 'Grafik der Woche ‚ÄûGrafiken Mehr im Buch: bessere Welt"" Captain 2022 Hohe √ñI-/Spritpreise Geschichte einer Dummheit ‚ÄûDiebstahl! Der Staat raubt uns ‚ÄûMehr halt geiler Und bei √ñlpreis? 125 ral√∂lsteuer aus!' sollten dringend alterna- Energien ausbauen!"" 100 Das Zeug billig, warum sollte man was √§ndern!"" ‚ÄûEXXON und Shell sg keinen Klimawan- del!"" ‚Äûmmmh, sag mal gibts Alternativen?"" 107, ‚ÄûOh, naja und den Klimawandel befeuertes wohl auch Endlich k√∂nnen ein Auto leisten! 9,7869, 29,04 1,63 11,6 51,42 1,32 17,31 18,44 16,86 ‚ÄûIch brauch den SUV einfach! Elektroautos es!'.";2022-03-11
globalclimatestrike;tree and text that says 'Reduce CO2'.;2021-09-26
globalclimatestrike;Photo by erlich textil || beruÃàhrt dich in Fridays For Future. May be a cartoon of one or more people and text that says 'THERE is NO NO PLANET B! 2Rad statt 2Grad root for your mother earth HOCH DIE H√ÑNDE KLIMAWENDE KURZ- STRECKEN FL√úGE NUR F√úR WIR SIND JUNG UND BRAUCHEN DAS GELD DIE WELT'.;2021-09-24
globalclimatestrike;Photo by Greenpeace Sverige on September 24, 2021. May be an illustration of text that says 'can't believe it's all going to end it could be worse how? dinos ·ä• comics anda we could have been told how to prevent it and done nothing W W'.;2021-09-25
globalclimatestrike;text that says 'REDUCE Carbon footprint Drive less Fly less Go local Reuse bags Wash in cold water Unplug appliances Take short showers Use LED bulbs Plant trees Adjust thermostat'.;2021-09-26
globalclimatestrike;one or more people, people standing and outdoors.;2021-09-24
globalclimatestrike;one or more people, monument and outdoors.;2021-09-24
globalclimatestrike;text that says 'PROTECT CLIMATE UR WATER HEALTH HEALTH'.;2021-09-24
globalclimatestrike;text that says 'PEOPLE POWER WE RISE'.;2021-09-24
globalclimatestrike;Photo by Molly Hoelper on September 24, 2021.;2021-09-24
globalclimatestrike;Photo by Molly Hoelper on September 24, 2021.;2021-09-24
globalclimatestrike;‚Äéone or more people, people standing, outdoors and ‚Äétext that says '‚ÄéTE GAS MAYBE IFITWAS FATHER EWARKORE YOU WOULD GIVEASH SHIT! ŸÜ‚Äé'‚Äé‚Äé.;2021-09-25
globalclimatestrike;one or more people, people standing and outdoors.;2021-09-25
globalclimatestrike;one or more people, people standing and outdoors.;2021-09-25
globalclimatestrike;one or more people, people standing, outdoors and text that says 'POKOUSAT THE SYSTEM'.;2021-09-25
globalclimatestrike;one or more people, people standing and outdoors.;2021-09-25
globalclimatestrike;outdoors.;2021-10-18
globalclimatestrike;one or more people, people standing and outdoors.;2021-09-24
globalclimatestrike;one or more people and people standing.;2021-09-24
globalclimatestrike;one or more people and people standing.;2021-09-24
globalclimatestrike;Photo by emma‚òÄÔ∏èüêùüåπ on September 24, 2021.;2021-09-24
climatemarch;one or more people, people standing, outdoors and text.;2021-04-19
climatemarch;one or more people, people standing, outdoors and text that says 'COT HERE IS NO PLANET'.;2020-10-17
climatemarch;one or more people, people standing and outdoors.;2021-11-06
climatemarch;text that says 'me and my crew of staten island sustainability warriors bj's wholesale store mad asf at our collective awakening'.;2021-04-29
climatemarch;one or more people, people standing and outdoors.;2021-11-06
climatemarch;one or more people, people standing and outdoors.;2021-11-06
climatemarch;one or more people, people standing, outdoors and text that says 'NO SECRET Courts that Override Country's Laws So DIRTY FUEL CanSue for FUTURE LOSS of PROFITS UK Putng CORPORATE STOP into TRADE DEALS You COURTS are Signing ZONDON Help Firms FOSSIL FOSSILFUEL AW FUEL Giants Billions SUE they Govemments PHASE OUT to if DIRTY SoClimateProtection ENERGY Protection Can Go Ahead ENERGY REATY NOW! CHARTER EXITthe'.;2021-11-06
climatemarch;one or more people, people standing, outdoors and monument.;2021-11-06
climatemarch;outdoors.;2021-11-06
climatemarch;one or more people, people standing and outdoors.;2021-11-06
climatemarch;one or more people, people standing and outdoors.;2021-11-06
climatemarch;one or more people and outdoors.;2021-11-06
climatemarch;one or more people, people standing and outdoors.;2021-11-06
climatemarch;one or more people, people standing and outdoors.;2021-11-06
climatemarch;African daisy and text.;2021-09-08
climatemarch;Photo by NM Climate Justice on December 17, 2020. May be a Twitter screenshot of one or more people and text that says 'Deb Haaland @DebHaalandNM A voice like mine has never bee a Cabinet secretary or at the head of the Department of Interior. Growing up in my mother's Pueblo household made me fierce. I'll be fierce for all of us, our planet, and al of our protected and I am honored and ready to serve.'.;2020-12-18
climatemarch;Photo by NM Climate Justice on January 25, 2021.;2021-01-26
climatemarch;6 people, ocean and text that says 'COP26 GLOBAL DAY OF ACTION SURF 06/1 1/2021'.;2021-10-15
climaterio;text that says 'alicepinho A import√¢ncia do magn√©sio na MENOPAUSA 12 Mg Magnesium 24.3050'.;2021-12-06
climaterio;1 person and text that says 'MACA PERUANA O que a ci√™ncia diz'.;2021-12-27
climaterio;one or more people and text that says 'SUPORTE NO CLIMAT√âRIO EMENOPAUSA Alivia os sintomas como as ondas de calor e redu√ß√£o de sintomas psicol√≥gicos, incluindo ansiedade depress√£o em mulheres no climat√©rio na menopausa em doses de 3,5 g/dia. Fonte: Beneficial effects of Lepidium meyenii Maca) onpsychological symptoms and measure of sexual dysfunction postmenopausal women are not related to estrogen or androgen content. Menopause. 2008'.;2021-12-27
climaterio;"one or more people and text that says 'LIBIDO Alguns estudos demonstram efeito positivo significativo na disfun√ß√£o sexual ou desejo sexual em mulheres menop√°usicas saud√°veis ou homens adultos saud√°veis. o Fonte: Shin BC, Lee MS, Yang EJ, Lim HS, Ernst Maca meyenii) for improving sexual function: systematic asystematicreview. review. BMC Complement Altern Med. 2010;10:44. Published2010 ‡®§'.";2021-12-27
climaterio;one or more people and text that says 'CONTROLE DA INFLAMA√á√ÉO Diferentes estudos, ao avaliarem o estado de sa√∫de em consumidores de maca, observaram baixos n√≠veis da citocina interleucina 6 (IL-6), uma citocina pr√≥-inflamat√≥ria. Resultado que revela uma concord√¢ncia com os dados que mostram que o consumo de maiores quantidades de vegetais cruc√≠feros est√° associado a baixos n√≠veis sist√™micos de interleucina (IL-6). Fonte: Medicinal effects of Peruvian maca areview. Food Funct. 2020'.;2021-12-27
climaterio;food and text that says 'QUALIDADE DE VIDA Alguns estudos mostram que ·Äù consumo de maca est√° associado a um alto estado de sa√∫de desejo sexual, humor, energi em homens e mulheres com idade entre 40-70 anos. Fonte: Medicinal effects Peruvian maca areview.FoodFunct.2020 a review. Food Funct. epidium'.;2021-12-27
climaterio;one or more people and text that says 'PARA OS HOMENS Amaca demonstrou melhorar a qualidade do s√™men eo desejo sexual em homens. Fonte: The use of maca Lepi dium meyenii) to improve semen quality: Asystematicreview. review. Maturitas. 2016. Effect of epidium meyenii (MACA) sexualdesire desire anditsabsentrelationshipwithserum sabsentrlationship withserum with testosterone levels adult healthy men. Andrologia 2002'.;2021-12-27
climaterio;text that says 'COMO AMENIZAR OS SINTOMAS DA MENOPAUSA @Nutri.SamaraDias Alimentos verdes escuros cozidos Desligar telas 1h antes de deitar Controlar o estresse Ch√° de folha de amora √Éleo de linha√ßa e de gergelim'.;2022-01-07
climaterio;one or more people and text that says 'ENVELHECEMOS OS HORM√îNIOS PORQUE OS HORM√îNIOS ow CAEM PORQUE CAEM ENVELHECEMOS? DRA. VANIA CAROLINA'.;2021-12-04
climaterio;one or more people and text that says 'MENOPAUSA N√ÉO √â DOEN√áA mas requer cuidados DRA.L√öCIASTPAIV DRA. L√öCIA COSTA PAIVA GINECO GINECOLOGIA OGIA'.;2022-01-12
climaterio;text that says '5 ervas e suplementos para diminuir O estresse ASHWAGANDHA Pode aliviar a ansiedade e reduzir a sensa√ß√£o de estresse ERVA-CIDREIRA Pode ajudar no relaxamento, concentra√ß√£o e sono MANJERIC√ÉO Pode combater o estresse apoiar a sa√∫de adrenal L-TEANINA Pode reduzir o estresse mental e f√≠sico e melhora a ansiedade. RODIOLA Pode reduzir a sensa√ß√£o de fadiga e esgotamento @BERNADETENONNENMACHER'.;2022-01-28
climaterio;1 person, standing and text that says 'TERAPIA DE REPOSI√á√ÉO HORMONAL NA MULHER DRA. BRUNAIL Ghete'.;2022-02-03
climaterio;one or more people and text that says 'A terapia de reposi√ß√£o hormonal isomolecular n√£o aumenta a chance de c√¢ncer com estradiol e progesterona!'.;2022-02-03
climaterio;text that says '10 anos desde O in√≠cio dos sintomas, a chamada janela da oportunidade, √© O per√≠odo que deve ser iniciada a reposi√ß√£o DRA. BRUNAIL Ghett'.;2022-02-03
climaterio;one or more people and text that says 'A terapia de reposi√ß√£o hormonal tem efeito de prote√ß√£o cardiovascular, prote√ß√£o para doen√ßa degenerativa como Parkinson, Alzheimeir e Osteoporose.'.;2022-02-03
climaterio;one or more people and text that says 'Quando feita de maneira individualizada e em dose personalizada otimiza muito O resultado do tratamento feminino.'.;2022-02-03
climaterio;text that says 'gostou I DESSE POST? COM QUEM PRECISA SABER DISSO! DRA BRUNAH Thett'.;2022-02-03
climaterio;1 person.;2022-01-04
climaterio;one or more people, people standing and outdoors.;2022-01-15
climatechangeawareness;emperor penguin, nature and text that says '¬©-Sara ¬©-SaraJenner Sara Tenner'.;2022-03-12
climatechangeawareness;Photo by Maaike Hartjes on January 02, 2022. May be a cartoon of text that says 'birds what lovely day! f singing... sun shining... the firs+ of January... this is NOTokay! NOT ¬©2022 maaike hartjes'.;2022-01-02
climatechangeawareness;one or more people and text.;2021-12-30
climatechangeawareness;one or more people and text that says 'LEONARDO DiCAPRIO JENNIFER LAWRENCE ROB JONAH TYLER TIMOTH√âE RON ARIANA SCOTT CATE MORGAN HILL RYLANCE PERRY CHALAMET PERLMAN GRANDE MESCUDI BLANCHETT STREEP Don'tLook BASED ON TRULY POSSIBLE EVENTS AFILMBYADAMMcKAY'.;2021-12-28
climatechangeawareness;emperor penguin, nature and arctic.;2022-03-07
climatechangeawareness;"tree, mountain, sky and text that says '""CLIMATE CHANGE IS A CIVIL RIGHTS ISSUE."" REVEREND DR. GERALD DURLEY, WHO MARCHED WITH MARTIN LUTHER KING IN 1963'.";2022-01-17
climatechangeawareness;text that says 'Ausgang Exit Tram Marienhof zur Oberfl√§che togrouneve BUS WC MVG SWM Kundencenter Marienplatz Ausgang Exit'.;2022-03-13
climatechangeawareness;child, sitting, beach and ocean.;2022-01-05
climatechangeawareness;child, sitting, ocean and beach.;2022-01-05
climatechangeawareness;baby, sitting and beach.;2022-01-05
climatechangeawareness;child, sitting and beach.;2022-01-05
climatechangeawareness;text that says 'Global Temperatures Increases since 1880 (‚ÑÉ) 2.0 2016 Paris Climate Accord Target 1.0 Global Trend 0.5 Historical Data 0.0 -0.5 1900 1950 2000 2036 2050'.;2021-12-22
climatecontrol;"one or more people and text that says 'Quote Quote of the day "" ""This year, I would like end of Covid-19 world peace, climate control, new Xbox"" A child's etter letter to Santa.'.";2020-12-10
climatecontrol;text that says 'DEF LEVEL CLIMATE CONTROL AUTO HI AIR CON LUTO LO OFF ON OFF OFF'.;2021-05-13
climatecontrol;outdoors.;2021-08-20
climatecontrol;outdoors and tree.;2021-08-20
climatecontrol;outdoors and indoor.;2021-08-20
climatecontrol;Photo by Onkruidenier on August 18, 2021.;2021-08-20
climatecontrol;Photo by Onkruidenier on August 18, 2021. May be a closeup.;2021-08-20
climatecontrol;Photo by Onkruidenier on August 18, 2021. May be a closeup.;2021-08-20
climatecontrol;Photo by Onkruidenier on August 18, 2021.;2021-08-20
climatecontrol;Photo by Onkruidenier on August 18, 2021.;2021-08-20
climatecontrol;nature.;2021-09-21
climatecontrol;"text that says 'CLIMATE CHANGE TIMELINE app8 ""CLIMATE CHANGE ISN'T REAL"" OOPS FUCK OK, CLIMATE CHANGE IS REAL WE'RE JUST NOT CONVINCED IT'S CAUSED BY HUMANS'.";2021-02-27
climatecontrol;Photo shared by Doodah on February 03, 2021 tagging @blingscycles.;2021-02-03
climatecontrol;tree.;2021-07-17
climatecontrol;Photo by Trayci Tompkins in Dargle, KZN. May be art.;2021-06-29
climatecontrol;indoor.;2021-07-15
climateactivist;one or more people, outdoors and brick wall.;2022-02-12
climateactivist;one or more people, people standing, outdoors and text that says 'TORIES A HATE THE POOR TORIES GAVE BANKERS ¬£1,000.000.000 TAX CUT AND SUPPORTED THE 54% INCREASE ENERGY PRICE CAPIN THE SAME WEEK.'.;2022-02-12
climateactivist;one or more people, people standing, outdoors and text that says 'WE CANT ENDS'.;2022-02-12
climateactivist;one or more people, people standing, outdoors and text that says 'HEATING IS NOT LUXURY'.;2022-02-12
climateactivist;"text that says '""Don't worry if we're doomed or not. Worry about what you stand for. And stand for it."" MARYANNAISEHEGLAR MARY ANNAISE HEGLAR'.";2021-10-18
climateactivist;elephant, outdoors and text.;2022-01-04
climateactivist;text that says 'CLIMATE CHANGE ECONOMY ECOLOGY 'Almost all systems of economic thought are premised on the idea of continued economic growth, which would be fine and dandy if we lived on infinite planet. But there's this small, niggling, inconvenient fact that the planet, is in fact, finite, and that, unlike economic theory, it is governed by physical and biological reality' GEORGE MONBIOT CLIMATE CHANGE IS REAL'.;2021-12-29
climateactivist;brick wall, outdoors and text that says 'STAND WITH UKRAINE'.;2022-03-03
climateactivist;Photo by Jessica Kleczka ‚ôæ on March 03, 2022. May be a Twitter screenshot of text that says 'Joey Ayoub #AbolishKafala @joeyayoub I spent the entire day thinking of that Ukrainian woman who told the Russian soldier to 'take these seeds and put them in your pockets, so at least sunflowers will grow after you die''.;2022-03-03
climateactivist;Photo by Jessica Kleczka ‚ôæ on March 03, 2022. May be a Twitter screenshot of one or more people and text that says 'Abi Wilkinson @AbiWilks Refugees from outside Europe should be greeted in Europe the way Poland is greeting refugees from Ukraine. Of course the UK, which is riddled with extreme xenophobia against Eastern Europeans, isn't even managing to welcome Ukrainian refugees 10:44 AM Feb 25, 2022'.;2022-03-03
climateactivist;Photo by Jessica Kleczka ‚ôæ on March 03, 2022. May be a Twitter screenshot of text that says 'W: WOE PARTY. Women's Equality Party @WEP_UK Flying Ukraine' S flag while denying its people safe asylum is like clapping the NHS and social care workers while slashing their funds #DeedsNotFlags Home Office @ukhomeoffice 22h Today we re flying Ukraine's flag in support of the Ukrainian people, including those here in the UK.'.;2022-03-03
climateactivist;text that says 'Khaled Beydoun Not all refugee crises are the same. While Ukrainiar refugees deserve immediate safe haven- -so do refugees fleeing A‚Äùg‚Äùnistar and Yemen, Syria and Myanmar. Let's not lose sight of how religion, race, and namely, whiteness, figures heavily into refugee resettlement.'.;2022-03-03
climateactivist;text that says 'Harsha Walia @HarshaWalia Surreal to know Poland is setting up welcome centers for Ukranian refugees. Because Poland is also building high tech wall & detention centers & funding Polish Border Guard to block migration of mostly Yemeni, Egyptian, Syrian, Pakistani Afghan refugees as recently as today.'.;2022-03-03
climateactivist;text that says 'Waqas Tufail @_WaqasTufail No to war, but listening to commentator after commentator say 'This shouldn't be happening in the 21st century', as if Iraq and Afghanistan were not devastated with millions dead, is really raising my blood pressure. Biden is starving the people of Afghanistan *right now* ffs'.;2022-03-03
climateactivist;Photo by Jessica Kleczka ‚ôæ on March 03, 2022. May be a Twitter screenshot of text that says 'Bill McKibben @billmckibben 1) Russia can only afford to fight because of its oil and gas 2) Russia's main weapon against Europe is its threat to cut off oil and gas 3) So it might be wise to stop using oil and gas now that we have workable alternatives 4) (Also saves the planet'.;2022-03-03
climateactivist;text that says 'Alexandria Villase√±or @AlexandriaV2005 It's not disrespectful for us to keep working and keep advocating for the climate during this crisis. Actually, it's imperative. Researchers and scholars have told us events such as this and climate collapse are linked. Our work is not a distraction, it's part of the solution.'.;2022-03-03
climateactivist;one or more people, tree and nature.;2022-02-11
climateactivist;text that says 'Your role in the climate movement What brings you joy? (what gets you up in the morning? Neglecting your joy will lead to burnout.) What you should do What are you good at? (your special skills, network, resources, & magic) What is the work that needs doing? (climate & justice solutions)'.;2022-02-11
climateactivist;text that says 'My role in the climate movement learning new things what brings me joy talking to people psychology linking social science to climate action nature connection photography international solidarity work explaining stuff research communication journalism education social media systems thinking empowering people through climate education organising adaptability public speaking community action academia public-facing work what I'm good at what is needed most'.;2022-02-11
climateactivist;text.;2022-02-11
climateactivist;text that says 'A poster designer. A Facebook event cover image creator. Got Photoshop? Use Canva? You can probably do it. Someone who is good at mindfulness and keeping situations grounded. Caretakers are essential. Someone has to do it. People to make noise. If you play a drum or have some instruments kicking about, there's a role for you. Someone has to do it. The person with the money. Maybe you don't have time but you care and have some spare cash lying about. You can fund flyers and travel expenses and food. Someone has to pay for it.'.;2022-02-11
climateactivist;text that says 'Trained in first aid but never really used it? Someone has to do it on actions. Know how to quickly transcribe or make captions for video content? omeon has to make things more accessible. A cook? A baker? Organising makes people hungry (and food sustains us). Not got the money? That's what the person with spare cash is for. Know how to make an engaging newsletter? It helps groups reach out to their members. Someone has to do it.'.;2022-02-11
climateactivist;"text that says 'Structures cause disruption but structures need to be made. If you're handy with building/craftin things, maybe that's your role. Banners! Flags! Signs! Costumes! Got a sewing machine? Someone has to make them! The point is the planet is on fire; it's flooding; it's killing people with its injustice There is a role for you, no matter how small you think it is. Someone. Has. To. Do. It.'.";2022-02-11
climateactivist;"1 person and text that says 'Marica Di Pierri, l'attivista che porta l'Italia in Tribunale per il clima: ""Il 14 dicembre inizia il Giudizio Universale""'.";2021-12-14
climateactivist;"one or more people, braids and text that says '""Women are not just victims, vulnerable to the_worst the worst effects of climate breakdown. Overwhelmingly, they are also the key to solving and leading positive climate futures."" Joycelyn Longdon, Climate in Colour'.";2022-03-08
climateactivist;"one or more people, jewelry, outdoors and text that says '""Women play a critical role in food production. Direct impacts of climate change affecting food production affect women. While we have that, we also have lot of women championing for a better environment and are playing a big role in climate action."" Anita Soina, Spice Warriors Kenya'.";2022-03-08
climateactivist;"one or more people and text that says '""We have to talk about the unique struggles of BIPOC women in the climate space. As an Asian American woman myself, my personal struggle has been around being very underestimated and undermined in this work."" ""It is due to other BIPOC women's support, collective wisdom, and nurturing energy that I've been able to keep going and create avenues for others to do this work as well."" Kristy Drutman, @browngirl_green'.";2022-03-08
climateactivist;"one or more people, flower and text that says '""Our planet is being treated the way women have been treated all throughout history exploited, extracted from, and disrespected in so many ways. You cannot separate the fight for equality for women and the fight to save our planet, they are the same fight."" Jamie Margolin, Zero Hour'.";2022-03-08
climateactivist;"‚Äéone or more people, braids, eyeglasses, outdoors and ‚Äétext that says '‚Äé◊üI€± ""Women are leading the way in developing equitable climate solutions. As a result, women's empowerment is deeply connected the protection of our planet and one cannot be achieved without the other."" Arielle King, Intersectional Environmentalist‚Äé'‚Äé‚Äé.";2022-03-08
climateactivist;"one or more people and text that says '""Equality won't be handed down to us. It won't just appear. If we want it, we need to fight for it"" Luisa Neubauer, Fridays for Future'.";2022-03-08
climateactivist;"one or more people, people standing, outdoors and text that says '""Ïù¥Ïù¥Ïä§Ïä§ 4Ÿ†0/0Ÿ°4 ÏãúÏãúÏãú ÏãúÏãúÏãúÏä§Ïä§Ïä§! ""In addition to their gendered burdens, women of the Global South have been forced to carry the additional burden and effort of saving humanity's future, when it should be shared by us all. It's high time the rest of us step up.' Padmini Gopal, @climatekarma'.";2022-03-08
climateactivist;"one or more people, braids, outdoors and text that says '""We are drowning in promises. Commitments will not reduce CO2. Promises will not stop the suffering of people. Pledges will not stop the planet from warming. Only immediate and drastic action will pull us back from the abyss."" Vanessa Nakate, Rise Up Africa'.";2022-03-08
climateactivist;"one or more people, people standing and text that says 'and to be ""Women and girls are, continue disproportionately affected by the impacts of climate change. Women, especially women of colour are more vulnerable to the consequences of climate change but are so often excluded from the decision-making process; gender justice is not possible without women' meaningful participation, decision-making power and involvement."" Veronica Mulenga, VroaM,Yo Youth Climate Save Zambia'.";2022-03-08
climateactivist;"one or more people, headscarf and text that says '""The or be road to climate justice can not be concurring, or control, fighting, it must harmony, love, and gentleness. We must learn from the people who are still alive after power and greed tried to kill them over and over again. We must learn that harmony, and gentleness is not weakness or nomadic simplicity, these are the traits of our mother. These are the things that have kept us alive. Ayisha Siddiqa, Polluters Out'.";2022-03-08
climateactivist;text that says 'The earth can produce enough for everyone's need, but not enough for everyone's veryone'sgred greed. Goodfair @secondhand. sustainability'.;2021-11-01
climatesolutions;1 person and flower.;2021-08-13
climatesolutions;teasel.;2021-10-22
climatesolutions;flower.;2021-10-22
climatesolutions;food.;2021-10-22
climatesolutions;text.;2021-11-13
climatesolutions;text that says 'Did you know? Indigenous resistance has stopped or delayed the equivalent of 25% of annual US and Canadian greenhouse gas emissions. Indigenous Environmental Network and Oil Change International √õ Change International Indigenous Environmental Follow @OnCanadaProject'.;2021-11-13
climatesolutions;text that says 'EARTH THANT E not Five fossil fuel projects shut down by Indigenous resistance 1. Keystone Pipeline 2. Teck Frontier Tar Sands Oil Mine 3. Pierre River Tar Sands Oil Mine 4. Northern Gateway Oil Pipeline 5. Energy East Oil Pipeline √õ Indigenous Environmenta Oil Change I Follow @OnCanadaProiect'.;2021-11-13
climatesolutions;text that says 'We're still watching: Enbridge Line 3 The Line 3 expansion pipeline would move tar sands oil from Alberta to Minnesota. This directly threatens treaty rights, putting drinking water, sacred wild rice beds and community health at risk. The Mississippi River Band of Ojibwe and others are leading the fight against the project. √õ Follow@OnCanadaProject'.;2021-11-13
climatesolutions;text that says 'We're still watching: Coastal Gas Link Pipeline This pipeline would carry fracked gas from northeastern BC through the Rockies to a proposed LNG facility near Kitimat, BC. All 13 house chiefs of the five Wet'suwet'en clans oppose the pipeline. In September, the Gidimt' clan set up barricades on Wet' suwet en territory to protect the land from Coastal Gas drilling. √õ Follow@OnCanadaProje'.;2021-11-13
climatesolutions;text that says 'We're still watching: TMX Remember the pipeline Justin Trudeau bought right after declaring a climate emergency? TMX, baby. The Tsleil-Waututh First Nation opposes it due to lack of consultation and the harm it would cause to communities and climate. Kinder Morgan (the original owners) and insurers have backed out in response to ongoing protests and lawsuits. It's time for the government to follow suit and shut it down. √õ Follow@OnCanadaProje'.;2021-11-13
climatesolutions;text that says 'We're still watching: Enbridge Line 5 Line 5 transports 22 million gallons of oil every day from Wisconsin to Ontario, running through Bad River Band Territory. Michigan ordered Enbridge to shut it down because of the risk of this aging pipeline leaking in a section running beneath the Straits of Mackinac in the Great Lakes. (Note: it has leaked 29 times in the past 50 years) Enbridge promptly ignored this order and Canada invoked a treaty to back Enbridge and push the pipeline (Cool Canada, so these treaties you uphold?). Sierra WisPuc Follow@OnCanadaProject'.;2021-11-13
climatesolutions;text.;2021-11-13
climatesolutions;text that says 'Indigenous Leadership Our best chance at sustainable and holistic healing and preservation of our planet so that our species can continue to survive is Indigenous leadership on solutions to the climate crisis. Indigenous communities have shown, against all colonial barriers and odds, actual leadership and success on climate and nature protection. We're calling on you, our community, to reach out to your elected officials and demand that they centre Indigenous leadership when discussing the future of our planet. Follow@OnCanadaProjec'.;2021-11-13
climatesolutions;text that says 'Learn more & do more 1. Google each pipeline to learn more and get involved 2. Donate to Indigenous communities on the front lines 3. Show up physically, if you're able to, to support Indigenous land defenders as they work to protect our planet 4. Keep contacting all evels of elected officials and government and demand they respect Indigenous sovereignty & centre Indigenous leadership in climate solutions www.oncanadaproject.ca/finyourrep Follow@OnCanadaProie'.;2021-11-13
climatesolutions;nature.;2021-11-15
climatesolutions;text that says 'one There only of me, but I promise will do whatever my power to slow down the climate crisis! is in EARTHLY EDUCATION'.;2021-11-04
climatesolutions;text that says 'ALL OF THE UK'S ENERGY WILL COME FROM CLEAN ENERGY SOURCES BY 2035'.;2021-10-11
climatesolutions;text that says 'NEW CARS AND VANS POWERED WHOLLY BY PETROL AND DIESEL WILLNOT BE SOLD IN THE UK FROM 2030'.;2021-10-11
climatesolutions;text that says 'CLARA AMFO AND DERMOT O'LEARY ARE WORKING WITH PRINCE WILLIAM TO ANNOUNCE THE ¬£1M EARTHSHOT FUND TO SUPPORT CLIMATE CHANGE SOLUTIONS'.;2021-10-11
climatesolutions;text that says 'THIS IS MAINSTREAM NOW, AND IT IS so EXCITING! GO UK!'.;2021-10-11
climatesolutions;1 person and text that says 'Here in Maricopa County, we have an air quality department [and] we have a flood control district. 'Who's been in charge of heat?' is the question we found ourselves asking. David Hondula Director of the Phoenix Office of Heat Response & Mitigation @coppercourier'.;2021-11-17
climatesolutions;outdoors and text that says 'Sponge City: An urban landscape designed to retain and filter water.'.;2022-02-26
climatejusticenow;"Photo by Rick Frausto üåé in COP26 and beyond with @vanessanakate1. May be an illustration of one or more people and text that says 'FP40602020 ""WHEN I SAY IM THAT FIGHTER MEAN A CLIMATE ACTIVIST FOR THE AND EVERYONE! A BETTER FUTURE PLANET *Vanessa Nakate'.";2021-11-11
climatejusticenow;animal and text that says 'GLOBAL LEADERS MUST TAKE URGENT ACTION TO REDUCE MEAT CONSUMPTION COP26 THE WORLD IS WATCHING'.;2021-10-31
climatejusticenow;person, child, standing and outdoors.;2021-11-07
climatejusticenow;one or more people and outdoors.;2021-11-07
climatejusticenow;Photo by James Graham on November 07, 2021. May be a closeup of one or more people, people standing and outdoors.;2021-11-07
climatejusticenow;Photo by James Graham on November 07, 2021. May be a closeup of one or more people and outdoors.;2021-11-07
climatejusticenow;outdoors.;2021-11-07
climatejusticenow;one or more people and outdoors.;2021-11-07
climatejusticenow;one or more people and flower.;2021-11-07
climatejusticenow;text that says 'CLIMATE CHANGE HAS A SIGNIFICANTLY WORSE IMPACT ON VULNERABLE COMMUNITIES.'.;2022-03-01
climatejusticenow;text that says 'SOME OF THE WORLD'S POOREST AND LOWEST CARBON-EMITTING COUNTRIES ARE SUFFERING THE MOST FROM CLIMATE CHANGE. THE HARMS OF THE CRISIS ARE FELT PRIMARILY ON THOSE WHO'VE DONE LITTLE NOTHING TO CONTRIBUTE To THE PROBLEM. OR'.;2022-03-01
climatejusticenow;text that says 'BE COMMUNITIES œÑŒø ADAPT To EVERY IMPACT WORSENED BY CLIMATE CHANGE. WHILE WEALTHIER NATIONS HAVE A MUCH BETTER CAPACITY_ To PROTECT THEMSELVES FROM CLIMATE IMPACTS.'.;2022-03-01
climatejusticenow;text that says 'FAR GREATER EFFORTS ARE NEEDED ACROSS WEALTHIER NATIONS œÑŒø ENSURE VULNERABLE COMMUNITIES DO NOT SUFFER DISPROPORTIONATELY FROM CLIMATE INEQUALITY. VERONICA MULENGA'.;2022-03-01
climatejusticenow;1 person and text.;2021-11-25
climatejusticenow;12 people, people standing and outdoors.;2021-09-24
climatejusticenow;one or more people, people standing and outdoors.;2021-09-24
climatejusticenow;one or more people, people standing, outdoors and tree.;2021-09-24
climatejusticenow;one or more people, people standing, outdoors and text that says 'GRANDPARENTS ARENTS IN SOLIDARITY STUDENT SAVE STRIKERS THE FUTURE'.;2021-09-24
climatejusticenow;one or more people, people standing and outdoors.;2021-09-24
climatejusticenow;one or more people, people standing and outdoors.;2021-09-24
climatejusticenow;one or more people, people standing and outdoors.;2021-09-24
climatejusticenow;one or more people, people standing, outdoors and text that says 'ARCHITECTS DECLARE LARE ARCHIT TECTS DECLARE LET'S BUOLD GREENER UTURE'.;2021-09-24
climatejusticenow;"one or more people, outdoors and text that says 'THIS IS FINE. BREEAM ""Net Zero 2050"" Build Back Better'.";2021-09-24
climatejusticenow;outdoors and text that says 'LESS, FIX MORE! X ORE STE SS EAL HTTOREPAR NOW!'.;2021-09-24
climatejusticenow;one or more people, people standing and outdoors.;2021-11-06
climatejusticenow;standing and text that says '@BLOOMDOOMMAG Reality Check: Is the UK's Climate COP26 Policy on Track with its Climate Goals? Á±≥Á±≥Á±≥Êú® Á±≥Êú® Êú® Á±≥Á±≥ DONTGO STOP Á±≥ BREAKING MY NOWj MAKE PLANET OUR n GREAT AGAƒ∞N CLIMATE AREPHeK JUSTICE NGW!'.;2021-11-12
climatereality;tree and text that says 'Do you think humans Communicate with each other? How could they? They don't have roots. Yeah, I guess it's a crazy idea Koppp @ww'.;2021-09-09
climatereality;one or more people and text that says 'If you have the power to turn another planet into Earth, then you have the power to turn Earth back into Earth. -Neil deGrasse Tyson'.;2021-09-17
climatereality;"Photo shared by Studio Petrichor on October 06, 2021 tagging @abu_de_pooter_y_thumbelina, @laurenrandolph8, @leighlaughing, and @chrisottelandscape. May be a cartoon of cat and text that says 'HOW AMAZON WAS INVENTED menair ""Any ideas on how to get more cardboard boxes into our homes?""'.";2021-10-06
climatereality;Photo by Studio Petrichor on October 06, 2021.;2021-10-06
climatereality;one or more people, people standing, tree and outdoors.;2021-10-06
climatereality;standing, outdoors and tree.;2021-10-06
climatereality;tree and grass.;2021-10-06
climatereality;one or more people, people standing and outdoors.;2021-10-06
climatereality;"text that says 'CLIMATE CHANGE TIMELINE app8 ""CLIMATE CHANGE ISN'T REAL"" OOPS FUCK OK, CLIMATE CHANGE IS REAL WE'RE JUST NOT CONVINCED IT'S CAUSED BY HUMANS'.";2021-02-27
climatereality;nature, tree and body of water.;2021-04-26
climatereality;nature and tree.;2021-04-26
climatereality;outdoors.;2021-04-26
climatereality;outdoors and tree.;2021-04-26
climatereality;outdoors and tree.;2021-04-26
climatereality;outdoors and tree.;2021-04-26
climatereality;nature and tree.;2021-04-26
climatereality;hawk and nature.;2021-04-23
climatereality;"tree and text that says 'oH MY GOD HUMANS ARE THE ONLY CREATURES THAT WILL CUT DOWN A TREE, TURN IT INTO PAPER, THEN WRITE ""SAVE TREES"" ON IT!'.";2021-10-05
climatereality;Photo by EcoActionFamilies ‚òÄÔ∏è in London, United Kingdom with @london_cycling_campaign, @greenpeaceuk, @wwf_uk, @friends_earth, @_wearepossible, @theclimatecoalition, @_ukycc_, @sustainable_stephanie, @adapt_____, @peacewiththewild, @xr.brighton, @ukscn, @youthstrike4climate, @xrebellionuk, @bristolys4c, @ecolivinguk, @musicdeclares, @ecofriendlyhenri, and @climatecensusuk.;2021-03-05
climatereality;"Photo by Studio Petrichor in Planet Earth with @abu_de_pooter_y_thumbelina, @moovingart, @leighlaughing, and @chrisottelandscape. May be a cartoon of text that says 'Friend: ""So are you really gonna drag your kids through the woods and get them obsessed with your weird mushroom fascination too?"" Me:'.";2021-09-14
climatescience;1 person, standing and outdoors.;2021-07-12
climatescience;text that says 'DID YOU KNOW? case is closed: 99.9%. of scientists agree RESEARCH CONCLUDES: WE ARE DESTROYING EARTH. According to a recent survey based on 90,000 studies, the role of humans in climate change is now scientific consensus. There is the same level of agreement about climate change than about evolution. This debate is over. It's time for action. EASY ECO TIPS'.;2021-10-20
climatescience;text that says 'C·Äê·Ä± #ecochanger MINERALISED cO Iceland's new carbon plant captures CO2 from the air into Basalt rock to tackle climate change'.;2021-11-01
climatescience;outdoors and text.;2021-07-21
climatescience;text that says 'WILDLIFE TRAFFICKING IN HONG KONG ELEPHANT IVORY TRAFFICKING MAP IVORY SEIZURES (2013 -2017) WOOD LOGS PANGOLIN OTHER SOURCE COUNTRY TRANSIT COUNTRY CONSUMPTION COUNTRY IVORY % OF TOTAL VOLUME % OF TOTAL VALUE TRADE VALUE $26.5 MN 19.8 TONS 2013- 2017 IVORY SEIZURES 10% ESTIMATED TRAFFICKING SEIZED EARTHORG'.;2021-10-01
climatescience;text.;2021-08-18
climatescience;outdoors and text that says 'OCEANS LESS PLASTIC'.;2021-08-23
climatescience;text that says 'WARMING WATERS KILLED 14% OF THE WORLD'S CORALS IN A DECADE. EARTHORG'.;2021-10-08
climatescience;"fruit and text that says 'France will ban plastic packaging for fruits & vegetables by January 2022, potentially eliminating o over 1 billion ""unnecessary plastic packages"" a year.'.";2021-10-14
climatechangeart;Photo by Mark Mulholland in Glasgow, United Kingdom. May be art.;2021-11-05
climatechangeart;Photo by Brianna Young in Arts District LA. May be a closeup.;2021-10-19
climatechangeart;Photo by Billie Bond MRSS SPS on November 02, 2021. May be a closeup.;2021-11-02
climatechangeart;outdoors and text that says 'NO ICE CAPS NO CARDIFF CARDIFF THE 6TH MOST AT RISK CITY IN THE WORLD FROM OCEAN BASED FLOODING'.;2021-09-13
climatechangeart;Photo by Suzanne Watters in Chautauqua, New York. May be a closeup.;2021-08-10
climatechangeart;Photo by Sam Suttie on July 16, 2021.;2021-07-16
climatechangeart;wading bird.;2021-11-04
climatechangeart;Photo by Zwia Lipkin, Textile Artist in Santa Clara Convention Center. May be art.;2021-10-16
climatechangeart;Photo by Natural Beings on October 13, 2021.;2021-10-13
climateactivism;outdoors, people and sign;2021-11-12
climateactivism;outdoors, people and sign;2021-11-12
climateactivism;outdoors, people and sign;2021-11-12
climateactivism;outdoors, people and sign;2021-11-12
climateactivism;outdoors, people and sign;2021-11-12
climateactivism;outdoors, people and sign;2021-11-12
climateactivism;flower.;2021-10-07
climateactivism;1 person and text that says 'LIFEGATE I Non possiamo pi√π permettere ai potenti di decidere cos'√® la speranza. La speranza √® dire la verit√†, agire, e viene sempre dalla gente. Greta Thunberg Attivista per clima'.;2021-09-28
climateactivism;outdoors.;2022-02-10
climateactivism;Photo shared by PARENTSFORFUTURE UK on October 25, 2021 tagging @xoli_fuyani, @anitab_art, @familiaspeloclima, @parentsforfutureglobal, @parentsforfuturenigeria, and @rodzicedlaklimatu. May be a cartoon of one or more people and text.;2021-10-25
climateactivism;"one or more people, braids and text that says '""Women are not just victims, vulnerable to the_worst the worst effects of climate breakdown. Overwhelmingly, they are also the key to solving and leading positive climate futures."" Joycelyn Longdon, Climate in Colour'.";2022-03-08
climateactivism;"one or more people, jewelry, outdoors and text that says '""Women play a critical role in food production. Direct impacts of climate change affecting food production affect women. While we have that, we also have lot of women championing for a better environment and are playing a big role in climate action."" Anita Soina, Spice Warriors Kenya'.";2022-03-08
climateactivism;"one or more people and text that says '""We have to talk about the unique struggles of BIPOC women in the climate space. As an Asian American woman myself, my personal struggle has been around being very underestimated and undermined in this work."" ""It is due to other BIPOC women's support, collective wisdom, and nurturing energy that I've been able to keep going and create avenues for others to do this work as well."" Kristy Drutman, @browngirl_green'.";2022-03-08
climateactivism;"one or more people, flower and text that says '""Our planet is being treated the way women have been treated all throughout history exploited, extracted from, and disrespected in so many ways. You cannot separate the fight for equality for women and the fight to save our planet, they are the same fight."" Jamie Margolin, Zero Hour'.";2022-03-08
climateactivism;"‚Äéone or more people, braids, eyeglasses, outdoors and ‚Äétext that says '‚Äé◊üI€± ""Women are leading the way in developing equitable climate solutions. As a result, women's empowerment is deeply connected the protection of our planet and one cannot be achieved without the other."" Arielle King, Intersectional Environmentalist‚Äé'‚Äé‚Äé.";2022-03-08
climateactivism;"one or more people and text that says '""Equality won't be handed down to us. It won't just appear. If we want it, we need to fight for it"" Luisa Neubauer, Fridays for Future'.";2022-03-08
climateactivism;"one or more people, people standing, outdoors and text that says '""Ïù¥Ïù¥Ïä§Ïä§ 4Ÿ†0/0Ÿ°4 ÏãúÏãúÏãú ÏãúÏãúÏãúÏä§Ïä§Ïä§! ""In addition to their gendered burdens, women of the Global South have been forced to carry the additional burden and effort of saving humanity's future, when it should be shared by us all. It's high time the rest of us step up.' Padmini Gopal, @climatekarma'.";2022-03-08
climateactivism;"one or more people, braids, outdoors and text that says '""We are drowning in promises. Commitments will not reduce CO2. Promises will not stop the suffering of people. Pledges will not stop the planet from warming. Only immediate and drastic action will pull us back from the abyss."" Vanessa Nakate, Rise Up Africa'.";2022-03-08
climateactivism;"one or more people, people standing and text that says 'and to be ""Women and girls are, continue disproportionately affected by the impacts of climate change. Women, especially women of colour are more vulnerable to the consequences of climate change but are so often excluded from the decision-making process; gender justice is not possible without women' meaningful participation, decision-making power and involvement."" Veronica Mulenga, VroaM,Yo Youth Climate Save Zambia'.";2022-03-08
climateactivism;"one or more people, headscarf and text that says '""The or be road to climate justice can not be concurring, or control, fighting, it must harmony, love, and gentleness. We must learn from the people who are still alive after power and greed tried to kill them over and over again. We must learn that harmony, and gentleness is not weakness or nomadic simplicity, these are the traits of our mother. These are the things that have kept us alive. Ayisha Siddiqa, Polluters Out'.";2022-03-08
climateactivism;4 people and text that says 'CORAL COAL Roughly 1.76 Million Signed Greta's Climate Action Appeal Out Of Nearly Eight Billion People.'.;2021-11-08
climateactivism;1 person and text that says 'n STOP PRESSURING YOURSELF Œ§Œø BE THE PERFECT ENVIRONMENTALIST'.;2021-12-08
climateactivism;"one or more people and text that says 'ITS OKAY TO COMPLETELY IGNORE AND DISREGARD ""PERSPECTIVES"" & OPINIONS THAT ARE ROOTED IN ERASING OTHER PEOPLE'S HUMANITY. IT'S OKAY TO DECIDE SOMEONE ISN'T WORTH LISTENING TO IF THEY ARE SAYING HARMFUL THINGS. THAT'S OK BLAIR IMANI'.";2022-03-10
climateart;map and text.;2022-01-05
climateart;Photo shared by Aci_ART on October 13, 2021 tagging @oceanswellorg, @terramovment, and @daaddy__cool. May be a cartoon.;2021-10-24
climateart;outdoors.;2021-05-22
climateart;Photo shared by Terra Movement | Artivism on August 29, 2021 tagging @polkadot_lab. May be an illustration.;2021-08-29
climateart;1 person, jewelry and text that says 'STATEE ART GALLERY YAWARD 2021 FINALIST JANET ORMOND'.;2021-09-27
climateart;elephant and outdoors.;2021-08-04
climateart;one or more people, people standing and indoor.;2021-08-30
climateart;Photo by Annette Sj√∏lund in Denmark.;2021-09-21
climateart;text that says '000 FIGHT CLIMATE CHANGE'.;2021-10-26
climatempo_photogroup;lake, nature, twilight, ocean and sky.;2022-01-03
climatempo_photogroup;one or more people, nature, coast and ocean.;2022-01-29
climatempo_photogroup;nature and tree.;2022-01-14
climatempo_photogroup;bird and nature.;2022-03-12
climatempo_photogroup;Photo by Rosanna in Santo Stefano Belbo. May be a closeup of nature.;2021-11-06
climatempo_photogroup;nature, tree and snow.;2022-01-04
climatempo_photogroup;nature and snow.;2022-01-01
climatempo_photogroup;bird and nature.;2022-03-11
climatempo_photogroup;twilight, nature, ocean and sky.;2022-01-12
climatechangeaction;1 person and text that says '6 NOVEMBER 2021 M√à JOIN US! GLOBAL DAY OF CREATIVE ACTION MICRO GALLERIES'.;2021-09-10
climatechangeaction;outdoors and text that says 'Scientists believe that the Arctic is expected to be completely ice-free as early as 2040 19 years from now.'.;2021-10-18
climatechangeaction;text.;2021-10-13
climatechangeaction;text that says 'COP26 is the start, not the end, of the UK's year of climate leadership.'.;2021-09-20
climatechangeaction;text that says 'DID YOU KNOW? You can't recycle black plastic! Black plastic is often used for packaging and takeaway because it marks imperfections! @oceanrebuild'.;2021-09-18
climatechangeaction;one or more people and text that says 'MAKE THIS ONE CHANGE NOW TO HELP SAVE THE PLANET @TheFullFreezer'.;2021-08-15
climatechangeaction;one or more people and text that says 'TheHell FREEZER STOP @TheFullFreezer'.;2021-08-15
climatechangeaction;one or more people and text that says 'The TheFall FREEZER WASTING @TheFullFreezer'.;2021-08-15
climatechangeaction;text that says 'TheFall FREEZER FOOD @TheFullFreezer'.;2021-08-15
climatechangeaction;one or more people and text that says 'TheFull FREEZER If the UK stopped wasting food for a day @TheFullFreezer'.;2021-08-15
climatechangeaction;one or more people and text that says 'TheFell The FREEZER it could do the same for the planet as taking 14,000 cars off the road for a year. @TheFullFreezer'.;2021-08-15
climatechangeaction;one or more people and text that says 'The Full FREEZER So, next time you go to throw food in the bin, ask yourself @TheFullFreezer'.;2021-08-15
climatechangeaction;text that says 'The Fall FREEZER Can I Freeze This? @TheFullFreezer'.;2021-08-15
climatechangeaction;one or more people and text that says 'And don't forget to hit the notification bell! @TheFullFreezer'.;2021-08-15
climatechangeaction;1 person and text that says 'You have the skills, why don't you teach them too? This sunday 9.30am, On line workshop Join in, even if it's an idea for the future.'.;2021-07-23
climatechangeaction;one or more people, people standing, outdoors and text that says '¬£¬£ WHEN COP FAILS POWER'.;2021-11-07
climatechangeaction;one or more people, people standing, outdoors and crowd.;2021-11-07
climatechangeaction;one or more people, people standing and outdoors.;2021-11-07
climatechangeaction;child, standing and outdoors.;2021-11-07
climatechangeaction;one or more people, people standing, bird and outdoors.;2021-11-07
climatechangeaction;one or more people, people standing and outdoors.;2021-11-07
climatechangeaction;one or more people, people standing, outdoors and text that says 'SAVE THE THE ATOM'.;2021-11-07
climatechangeaction;one or more people, people standing and outdoors.;2021-11-07
climatechangeaction;one or more people, people standing, outdoors and text that says 'Save our Planet AINT NO RIVER IDE (ref'.;2021-11-07
climatechangeaction;one or more people, people standing, outdoors and crowd.;2021-11-07
climatechangeaction;one or more people, people sitting and indoor.;2021-05-03
climatechanges;one or more people and text that says '2026 POIER WE WILL DEFEAT THE CLIMATE CRISIS 5 BR CLIMATE POWER 2020'.;2020-07-07
climatechanges;nature.;2020-03-04
climatechanges;one or more people, people standing and text.;2021-07-15
climatechanges;text that says '#VERDADEIRO OU FALSO? A 'Pegada de Carbono' mede quanto as atividades humanas impactam a natureza? A Pegada de Carbono √© um √≠ndice que mede a quantidade total das emiss√µes de gases do efeito estufa (em di√≥xido de carbono C02) causadas diretamente e indiretamente por uma pessoa, organiza√ß√£o, evento ou produto. VERDADEIRO! Assim, √© poss√≠vel observar OS impactos que nossas a√ß√µes cotidianas e nossos h√°bitos de consumo causam na natureza. www.autossustentavel.com'.;2020-05-15
climatechanges;body of water and text.;2021-04-24
climatechanges;one or more people and text that says '@reblionextinctiobr MY GTA Irm√£ Dorothy Stang Dorothy Stang chegou ao Brasil nos anos 1970 para realizar trabalhos pastorais na regi√£o amazonica. Sua atu a√ß√£o focou projetos de reflorestamento e de gera√ß√£o de emprego e renda para a popula√ß√£o pobre local.'.;2020-07-03
climatechanges;outdoors and text that says '28 ecoearthmarket'.;2021-01-29
climatechanges;"text that says '""Everyone has a second job in life- the job of leaving the world a better place"" CHRIS RICHARDSON Deloitte Chief Economist @homesanct'.";2021-03-23
climatechanges;flower and nature.;2021-04-09
climaterevolution;Photo shared by Ocean Rebuild ‚Ñ¢Ô∏è on February 12, 2021 tagging @lafelicitastories.;2021-02-13
climaterevolution;text that says '3 things you can do about Climate Change 1. Divest your Bank & Super 2. Vote for Change 3. Have conversations @thegreenhub_'.;2021-01-14
climaterevolution;text that says 'on his Isaias Hernandez @queerbrownvegan experience with environmental racism nando Way: ctory BM mmardS d'.;2020-08-29
climaterevolution;"text that says '""How did you feel growing up in a community that experienced environmental racism?""'.";2020-08-29
climaterevolution;"text that says '""Angry, sad, hopeless, confused, and a whole array of other emotions. grew up living most of my life in the San Fernando Valley, most notably in the cities of Sylmar, San Fernando, and Pacoima. As someone who grew plow-incomein Section housing, it was known that variety of these housing programs are near toxic facilities that generally have poor air quality.'.";2020-08-29
climaterevolution;text that says 'didn't recycle because I loved being eco-friendly, it was because we had to survive. felt ashamed doing it for years in fear of being bullied at school, especially since was teased at a lot in elementary for wearing second-hand clothing. grew a love and hate relationship with environmentalism growing up because had so many questions but yet felt so afraid to ask.'.;2020-08-29
climaterevolution;text that says 'A: grew up living near six toxic facilities and nearby Metrolink station that generated noise pollution that was one block away from my apartment, and every day in school, the air was smoggy. Playing outside for me wasn't allowed in my family, especially since my parents knew that there was bad air quality in my community was prevalent in the city of Sylmar. AoAAA'.;2020-08-29
climaterevolution;"text that says 'A: Throughout middle and high school, was exposed to general climate terminologies such as Global warming, water cycle, and the carbon cycle. was never a smart student; struggled a lot in my math, science, and writing courses that it almost seemed impossible for me even to study an environmental major.'.";2020-08-29
climaterevolution;Photo by Isaias Hernandez on August 28, 2020.;2020-08-29
climaterevolution;Photo by Isaias Hernandez on August 28, 2020.;2020-08-29
climaterevolution;text that says 'When resteamerom stems years of pain, degraded health issues that have to live with everyday, and frustration over the fact that this is still prevalent in the city grew up in.'.;2020-08-29
climaterevolution;nature.;2021-09-21
climaterevolution;one or more people and text that says '#breakfreefromplastic PLASTIC 15 OIL If plastic production continues as planned, the cumulation of greenhouse gas emissions from plastic could reach over 56 gigatons by 2050. That's 10-13% of the entire remaining carbon budget. Hold corporations accountable, join #BrandAudit2021 EMER GENCY GOWRATH EMERGENCY EMERG #BrandAudit2021 #breakfreefromplastic WARMING MING'.;2021-08-04
climaterevolution;Photo by Rahunan(„Ç≥„Éä„É≥ÔºåÂçóÔºåLovenan) on August 22, 2020.;2020-08-22
climaterevolution;one or more people.;2021-03-29
climaterevolution;Photo by BLACK PALMS in SpaceForce USA.;2021-07-22
climaterevolution;text that says 'Whatever we do to the earth, we do to each other. REP. JOHN LEWIS Black in the Garden'.;2020-09-07
climatepositive;nature, grass, fog and tree.;2021-08-31
climatepositive;outdoors.;2021-11-02
climatepositive;tree and text that says 'we have havenowplanted planted 530 trees treeswith Ecologi @ANDSOTOSHOP'.;2021-07-21
climatepositive;game fowl.;2021-11-22
climatepositive;"1 person and text that says 'BVN Climate Active NETWORKMEMBER NETWORK MEMBER CLIMATE ACTIVE ""OUR ACTIONS HAVE TO BE AIMED AT REGENERATING THE PLANET AND TAIS STARTS WITH GETTING OUR OWN HOUSE IN ORDER"" BVN Co-CEO NEIL LOGAN'.";2021-08-12
climatepositive;Photo by Loopy Ewes / Katie Allen on August 20, 2021. May be a closeup of nature.;2022-02-03
climatepositive;one or more people, people standing and outdoors.;2021-12-01
climatepositive;one or more people and outdoors.;2021-12-01
climatepositive;one or more people, people standing, footwear and outdoors.;2021-12-01
climatepositive;flower, outdoors and text.;2021-11-09
climatepositive;ChangeEco climate action climate crisis climate solution environment environmentally sustainable environmentally efficient environmentally friendly clean environment pollution free fossil fuels carbon emissions;2021-09-28
climateweek;text that says 'THERE IS NO PLAN(ET)'.;2021-09-24
climateweek;3 people, people sitting, outdoors and indoor.;2021-09-22
climateweek;one or more people, outdoors and tree.;2021-09-22
climateweek;one or more people, beard, people standing and outdoors.;2021-09-22
climateweek;one or more people, people smoking, people sitting, outdoors and indoor.;2021-09-22
climateweek;one or more people, people sitting and outdoors.;2021-09-22
climateweek;one or more people and text that says 'The purposeof Regeneration is end the climate crisis in onegeneration www.regeneration.org'.;2021-09-22
climateweek;tree, body of water and text that says 'regeneration.org Nooneiscomingtosaveus Nooneis coming to save us. There will beno game-changing event. The only way to successfully reverse global warming is to regenerate life on earth.'.;2021-09-22
climateweek;text that says 'Re gen Re generation the world's largest, most compl√©te listing and network of solutions to the climate crisis.'.;2021-09-22
climateweek;2 people, outdoors and text that says 'Leaving the land than we found it BETTER'.;2021-09-22
climateweek;body of water and text that says 'OCEANIC GLOBAL CLIMATE MONTH RESOURCES s Newsletters to add to vour inbox'.;2021-09-14
climateweek;"text that says 'OCEANIC GLOBAL The Frontline The Overview by Atmos The Climate Crisis by The New Yorker NEW YORKER THE Atmos THE MATE RISIS The Frontline reminder that warming world unjust. ""These were Sullivan about outhe viewers also photographer Joan grief. m (Photograph while loan Sullivan) We All Deserve Some Help ment Biden's Solar Plan the Prescience of my Carter'.";2021-09-14
climateweek;standing and text.;2021-09-14
climateweek;"text that says 'OCEANIC GLOBAL Planet Possible National Geographic Anti-Racism Daily Has great Environment section, which unpacks environmental racism GEOGRAPHIC PLANET POSSIBLE THE BIG TOPIC: ARD September 2021 TAKING THE LONG ROAD BACK To A STABLE CLIMATE Demand universal sick leave. morning EDITOR'SNOTE NOTE welcome Tuesday, teama 24, 2021 power can, Patreon today's newsletter, dismantling help wildlife; Canada's salmon risk; what should know about climate change; recycled swimsuits TAKE ACTION sickleave Leao ampaigns √õhi workers. expansivepai Philadelphia. municipal KEY TAKEAWAYS leave employees. TheU.S. federal workers sick. organizing,'.";2021-09-14
climateweek;map and text.;2021-09-14
climateweek;one or more people, people standing, outdoors and text that says 'Intelligencer The Cut Vulture The Strategist Curbed Grub Street Magazine Subseribe NEWVORK CURBED Sign PARKS AND RECREATION AUG. 2021 I Tackled My Climate Clim Anxiety by Becoming a Parks Department Super Steward One weed at a time. By stephanie Foo'.;2021-09-20
climateweek;nature.;2021-01-26
climateweek;one or more people and text that says 'CLIMATE CLIM ATE WHAT CAN WE DO CHANGE RBOWT FENA'.;2021-09-15
climateweek;"flower, outdoors and text that says '""If half of American lawns were replaced with native plants, we would create the equivalent of a 20 million acre national park, nine times bigger than Yellowstone, or 100 times bigger than Shenandoah National Park."" Doug Tallamy'.";2021-09-23
climateweek;1 person, plant and outdoors.;2021-09-20
climateresilience;one or more people and text that says 'THE RESPONSIBILITY OF designing resilience NADIA HUGGINS YUTAKA TAKIURA GISELLE CARR THU. 7TH OCT. 11:00AM STARDUST RESENTS *details'.;2021-10-13
climateresilience;tree, nature and sky.;2021-04-22
climateresilience;ocean and nature.;2021-04-22
climateresilience;twilight, sky and nature.;2021-04-22
climateresilience;nature.;2021-04-22
climateresilience;tree and nature.;2021-04-22
climateresilience;wading bird, nature and body of water.;2021-04-22
climateresilience;ocean, nature and beach.;2021-04-22
climateresilience;Indian paintbrush and nature.;2021-04-22
climateresilience;ocean, coast and nature.;2021-04-22
climateresilience;nature, sky, twilight and ocean.;2021-04-22
climateresilience;indoor.;2022-02-23
climateresilience;Photo by Paisatges i Jardins in Barcelona, Spain with @asilvestradabcn, @kundukundu, @creaf_ecologia, @paisatges_i_jardins, @paris4nature, @masterpaisatge, @echotools, @planetabiodiverso, @galanthus_natura, @escolapaisatgisme, @ecourbeasoc, @paradiso.jardines.escuela, @lesrefardes, @treesofbarcelona, @institut_rubio_i_tuduri, @arboricultura18, @vivirlosparques, @enverdimbarcelona, @herbanova_paisajismo, and @barcelonaenverde.;2021-03-13
climateresilience;1 person and outdoors.;2021-12-08
climateresilience;outdoors.;2021-12-08
climateresilience;road.;2021-12-08
climateresilience;one or more people, people standing, grass, road and tree.;2021-12-08
climateresilience;standing and grass.;2021-12-08
climateresilience;outdoors.;2021-12-08
climateresilience;body of water and text that says 'AHIMSA ON AND OFF THE MAT: PANDEMIC LESSONS FROM A RESTLESS ENVIRONMENTALIST Written by Aya de Leon'.;2021-07-02
climateresilience;flower and nature.;2021-01-23
climateresilience;Photo by HIP V. HYPE in Elwood, Victoria, Australia with @apaiserbathware, @tesskellyphotography, @fieldwork_architects, @brodware, and @intracon__.;2020-03-26
climateresilience;text that says 'reasons why public libraries are a climate resilience powerhouse @ClimateResilienceProject'.;2021-08-05
climateresilience;text that says '1 Public libraries cultivate intergenerational community Community members that know, trust, and support one another are the best positioned to survive and thrive amidst extreme weather and climate-related disasters. Libraries foster connection organically by providing a social space and extensive programming for young children, elders, and everyone in between. In fact, folks who feel lonely, disconnected, or overwhelmed have long looked to the library for companionship and care. Friendships and support networks emerge from book clubs, story hours, movie nights, music classes, sewing circles, volunteer shifts, and more. @ClimateResilienceProject Inspiration: Palaces for the People (Klinenberg, 2018)'.;2021-08-05
climateresilience;text.;2021-08-05
climateresilience;text.;2021-08-05
climateresilience;text.;2021-08-05
climateresilience;text.;2021-08-05
climateresilience;text.;2021-08-05
climateresilience;book and text that says 'Take action to support your local library Sign up for a membership card Rent books (use Libby and OverDrive to rent e-books and audiobooks) ‚Ä¢Join your local Friends of the Library Con your representatives and share the reasons why you support continued investment in your local libraries Attend programming and events (and talk to a librarian if there's anything you'd like to see added!) Volunteer on a regular basis Donate books of your own Shop at your library's book sale (typically at steep discounts!) Thank your librarians! @ClimateResilienceProject'.;2021-08-05
climatechangethefacts;text that says 'CAS BMSC CLIMATE ACTION SERIES'.;2021-07-16
climatechangethefacts;emperor penguin and nature.;2022-03-14
climatechangethefacts;Photo by MMORE Cases on November 06, 2020.;2020-11-06
climatechangethefacts;1 person, flower and outdoors.;2021-07-20
climatechangethefacts;text that says 'V for UNITY EQUALITY Will Climate Change Cause the End of Human Existence? The climate emergency isn't something we can self-isolate from, so we need to be as prepared as possible. #UnityForEquality'.;2021-01-20
climatechangethefacts;text that says 'When you and the homies wanna discuss climate change:'.;2021-11-02
climatechangethefacts;text that says 'Human activity has causedthe climate crisis'.;2021-11-08
climatechangethefacts;text that says 'Regenerative Agriculture shifts the paradigm Compete with nature Partner with nature Disturb soil ‚Üí Protect soil Monoculture Diversity Input-based Process-based reNature.'.;2021-04-26
climatechangethefacts;map, sky and text that says 'Data SIO NOAA. U. S Navy. NGA, GEBCO Image Landsat Copernicus Data LDEO-Columbia NSF NOAA'.;2021-09-04
climatehope;Photo by Brenna Quinlan in Noongar Boodjar with @greenpeace, @robjgreenfield, @permaculturemagazine, @unclimatechange, @vandanashiva__navdanya, @ipcc, @cfigueres, @gretathunberg, @officialnaomiklein, @breakfreefromplastic, @extinctionrebellion, @schoolstrikeforclimate, and @xrebellionaus. May be a cartoon of text.;2021-08-11
climatehope;text that says 'JOIN WITH TCMMTATION COMMUNITY LEARN ABOUT THE CLIMATE CRISIS GIFTATREE 22 APRIL IS EARTH DAY WHAT CAN YOU DO? ‡≤¶ REDUCE YOUR CARBON FOOTPRINT Âæ° CLEAN CLANLITR UP LOCAL LITTER CONTACT YOUR MP, TALK ABOUT CLIMATE CHANGE SWITCH SWITCHTOARENEWABLE TO RENEWABLE ENERGY ENERGYTARIFF TheClimae Reality Projeet TEAM UK TRAIN CLIMATE REALITY LEADER'.;2021-04-20
climatehope;nature.;2021-03-02
climatehope;bird and nature.;2021-08-21
climatehope;book, outdoors and text that says 'ALL'WE ALL CAN SAVE Truth, Courage, and Solutions for the Climate Crisis Edited by Ayana Elizabeth Johnson & Katharine Wilkinson'.;2021-07-18
climatehope;text that says 'Notes Five things I've learnt this year that I have to share with you'.;2021-06-30
climatehope;text that says 'Notes Don't waste too much time on your personal carbon footprint yes the richest 10% of the world (those earning over ¬£28k) emit 50% of annual carbon emissions so the carbon elite must reduce luxury emissions (eg flying, driving and meat) as much as possible but the only way we can make the systemic changes required is by joining together to form large groups which can influence government.'.;2021-06-30
climatehope;text that says 'Notes the social mandate The government won't make any radical moves to reduce carbon emissions without to do so. This is why activism and making a noise about it is important you need to et them know you want this'.;2021-06-30
climatehope;text that says 'Notes Tech is not going to save us, it's too slow, too little, too late. It can help, but we are also going to have to completely change the way in which we're living.'.;2021-06-30
climatehope;text that says 'Notes It's easy as we go throngn this mellow June to be lulled into a false sense of security, because everything seems fine, normal. And yet it's really not and time is fast unning out. Unless we make radical changes in the next five years it will be too late, irreversible tipping points will have passed'.;2021-06-30
climatehope;text that says 'Notes The most powerful thing you can do is figure out where your influence lies, however big or small, and start taking steps to deploy it in the fight against climate change'.;2021-06-30
climatehope;outdoors.;2021-11-09
climatehope;sky and text that says 'How to Love a Burning World Jennifer Atkinson'.;2021-09-05
climatehope;nature and tree.;2021-06-12
climateeducation;one or more people and text.;2021-09-16
climateeducation;text that says 'We're Hiring! part-time t-time social media m manager'.;2021-04-27
climateeducation;‚Äébook and ‚Äétext that says '‚ÄéTIM FLANNERY ATMOSPHERE OF HOPE VINTAGE SUZUKI HANINGTON ELIZABETH KOLBERT ZERO WASTE LIFE ANITA VANDYKE THE SIXTH EXTINCTION JUST COOL IT! Peter Singer The Most Good You Can Do HAIF THE SkY RISE & RESIST THE WORLD HOW OCHANGE HOW TO CHANGE THE WORLD NICHOLAS KRISTOF SHERYL WUDUNN CLARE PRESS NAOMI KLEIN THIS CHANGES EVERYTHING LUCY SIEGLE EX O NUHN TURNING THE TIDE ON PLASTIC ÿ≥ÿ≠ŸÖH THIS IS A GOOD GUIDE ERIN RHOADS WASTE NOT 35 MAKE BIG DIFFERENCE BY THROWING AWAY LESS‚Äé'‚Äé‚Äé.;2021-06-26
climateeducation;text.;2021-04-22
climateeducation;Photo by Holdfast Beach School in St Margaret's Bay Beach.;2020-12-03
climateeducation;text that says 'YOU'RE ON HOLY GROUND. ACT LIKE IT.'.;2021-04-22
climateeducation;text.;2021-10-13
climateeducation;one or more people, tree, lake and nature.;2021-06-27
climateeducation;text that says 'THE THEY WON CASE SHELL AGAINST RG'.;2021-05-26
climateprotest;text that says 'CLIMATE ACTION NOW'.;2020-08-21
climateprotest;one or more people, people standing, outdoors and text that says 'SEZA NOST FOR ACT or NOW ≈æelim SVOE WIM LATER UXUR TAX'.;2021-02-17
climateprotest;Photo by üêæ Milo Bennett in Los Angeles, California with @leonardodicaprio, @climatereality, @ourplanets.plasticproblem, @gretathunberg, @inkka.healthylifestyle, @zerowastecalifornia, @ourplanet, @zero.waste.collective, @fridaysforfuture, @ecochronicles, @climate_change_world_2020, @cnnclimate, @saveourplanetearth__, @only.planet.earth, @sustainable.living.london.uk, and @pawsup.;2020-02-21
climateprotest;climate activism art;2021-09-03
climateprotest;outdoors and text that says '28 ecoearthmarket'.;2021-01-29
climateprotest;3 people, people standing and text that says 'CAPITALIST GROWTH'.;2021-11-07
climateprotest;one or more people, people standing and outdoors.;2021-03-20
climateprotest;one or more people and text that says 'Friends of the Earth 'If people were silent, nothing would change.' Malala Yousafzai'.;2021-06-02
climateprotest;one or more people, people standing and outdoors.;2021-12-13
climateadaptation;Photo by Dustin Jacobus on September 27, 2021. May be an illustration.;2021-09-27
climateadaptation;nature.;2021-04-26
climateadaptation;outdoors.;2020-12-30
climateadaptation;outdoors.;2020-12-30
climateadaptation;outdoors.;2020-12-30
climateadaptation;flower and outdoors.;2020-12-30
climateadaptation;Photo by Job Vogel on December 30, 2020.;2020-12-30
climateadaptation;outdoors.;2020-12-30
climateadaptation;outdoors and tree.;2021-06-02
climateadaptation;2 people, indoor and text that says 'The Êò• Elders'.;2021-10-18
climateadaptation;outdoors.;2021-04-29
climateadaptation;body of water.;2020-09-17
climateadaptation;nature and tree.;2021-06-12
climateadaptation;Photo by Living Roofs, Inc. on June 11, 2021.;2021-06-12
climateadaptation;Photo shared by Living Roofs, Inc. on June 11, 2021 tagging @carltonedwardsarchitects. May be an illustration.;2021-06-12
climateadaptation;Photo shared by Living Roofs, Inc. on June 11, 2021 tagging @carltonedwardsarchitects. May be an illustration.;2021-06-12
climateadaptation;text that says '·Äë·Äê·Ä¨ 6 angers me when sustainability gets used as a buzz word. For 90% of the world, sustainability onI is a matter fsurvival. KONT Cit. Cameron Sinclair'.;2020-12-21
climatechangehoax;text that says 'When you and the homies wanna discuss climate change:'.;2021-11-02
climatechangehoax;Photo by Graeme MacKay on March 26, 2021. May be a cartoon of text that says 'WEEK IN REVIEW: MASSIVE CONTAINER SHIP GETS STUCK IN SUEZ... HAMILTON MACKAY. SPECTRTOR CANADIAN CONSERVATIVE LEADER GETS STUCK ON CARBON PRICING... CHANGE IT'S ALL ESREAE AHOAx'.;2021-03-26
climatechangehoax;cloud and nature.;2020-08-03
climatechangehoax;one or more people and text that says '$3.69 ARo CLUB PACKC SENATOR KAMALA HARRIS SAYS MEAT IS DESTROYING THE PLANET climatesavemovement'.;2020-11-10
climatechangehoax;one or more people and text that says 'DID YOU KNOW... CLIMATE CHANGE ISN'T WHAT THE MEDIA SAYS IT IS? Gore IF ADVERSE WEATHER EVENTS WERE CAUSED BY us DRIVING OUR CARS, WHY DOESN'T THE GOVT STOP THE SUPPRESSION OF ALTERNATE FUEL SOURCES SUCH AS HEMP HYDROGEN, WATER POWERED, AND THE HUNDREDS OF OTHER PATENTED, ALTERNATE 'FREE' ENERGY SOURCES? IG/FB: CONNECTING CONSCIOUSNESS THIS IS BECAUSE, THE CLIMATE ISN'T CHANGING IT'S BEING ENGINEERED BY WEATHER MODIFICATION OPERATIONS WHICH ALL NATO COUNTRIES HAVE AGREED TO, THIS WAY THEY'RE ABLE Œ§Œü BLAME ENGINEERED DROUGHTS, FLOODS, HURRICANES ETC ON us, TO IMPLEMENT CARBON WHICH MULTIRILLION DOLLAR MARKET'.;2021-12-05
climatechangehoax;text that says 'What if You Wanted to live on a planet that isn't burnt-to ground +0.30 0% What about the funny Butneoliberalssa BUe imaginary numbers?'.;2021-05-09
climatechangehoax;one or more people and text that says 'HEY JOE, DOES IMPORTED OIL POLLUTE LESS? OR IS IT THAT YOU GET A KICKBACK? @freedommomma_unfiltered'.;2022-03-01
climatechangehoax;text that says 'V for UNITY EQUALITY Will Climate Change Cause the End of Human Existence? The climate emergency isn't something we can self-isolate from, so we need to be as prepared as possible. #UnityForEquality'.;2021-01-20
climatechangehoax;text that says 'Candace Owen @RealCandaceO californiadesigngroup At this moment, our governments are telling us when to open our businesses, when to see our family, and when and how we are allowed to BREATHE. This is NOT America. This is not FREEDOM. This is NOT about safety or a virus. This is about implementing SOCIALISM. Wake up.'.;2020-11-02
climatenews;Photo by Climate Tracker in Worldwide with @ecopracticas, @environmentalworkinggroup, @anantaraeasternmangroves, @mangroveschoolofsarasota, @sabrina.sustainable.life, @nature, @sustainabili.teens, @climate_memes, @the.eco.warrior, @climemechange, @chicksforclimate, @suzie_hicks_climate_chick, @millennials_for_environment, @consciouslyelle, @allthingsenvironment, @youthclimatesaveaustralia, and @mangrovesforourfuture.;2020-12-15
climatenews;Blue watercolor background with the text ‚Äúif we can change the climate for the worse, we can change the climate for the better‚Äù;2021-08-13
climatenews;sky and text that says 'THE NETHERLANDS' MOST SUSTAINABLE CITY IS PLANNING TO 'GREEN' EVERY ROOF IN THE DISTRICT. The Environment News'.;2020-04-18
climatenews;big cat and text that says 'GROUNDBREAKING RAINFOREST PROTECTION BILL AWAITS SIGNATURE IN CALIFORNIA lady freethinker'.;2021-09-28
climatenews;nature.;2021-09-21
climatenews;text that says '11 Posts Bashe ·äï·äï>·äï·äï·äï·äï 84 107 Followers Following Earth Based Brand Earth Based 368 Posts 10 k 7.389 Followers Following Earth Based Brand'.;2021-03-17
climatenews;animal, grass and text that says 'Study concludes that a shift to plant-based based diets could have MASSIVE implications for GHG emissions.'.;2022-01-18
climatenews;A female beaver emerges at dusk at Poole Farm, Plymouth;2021-10-21
climatenews;one or more people, people standing and footwear.;2022-01-20
climatenews;one or more people, people standing and high-heeled shoes.;2022-01-20
climatecatastrophe;text that says 'Food's Contribution to @ReduceWasteNow Climate Change Source: CSS University of Michigan Beef Cheese Pork Poultry Eggs Rice Legumes 0 2 6 Pounds of CO2 per serving 8'.;2020-08-16
climatecatastrophe;Photo by Hosea Rosenberg in Boulder, Colorado.;2020-09-07
climatecatastrophe;one or more people, people standing, outdoors and text that says 'SYSTEM CHANGE NOT CLIMATE CHANGE'.;2021-08-10
climatecatastrophe;one or more people and text that says 'YOU CAN JAIL THE RESISTOR, BUT NOT THE RESISTANCE'.;2021-08-12
climatecatastrophe;text that says 'PSST THE WAY CAPITALISTS TREATED THE LOWER CLASSES DURING COVID (UTTER DISREGARD FOR MASS DEATH/ DISPLACEMENT) IS OUR PREVIEW OF HOW SHIT IS GONNA PLAY OUT WITH THE CLIMATE CRISIS. @CRAPPYFUMES'.;2021-06-14
climatecatastrophe;"text that says 'WE ARE HERE stylised global mean temperatures 1850- -2200; design @alxrdk based warming stripes hawkins'.";2021-08-12
climatecatastrophe;text that says 'CLEAN AIR FOOD FOODFOR FOR EVERYONE THRIVING WILDLIFE MORE GREEN SPACES HEALTHY, PLASTIC-FREE OCEANS THE NEW NORMAL STABLE CLIMATE SUSTAINABLE ECONOMY HEALTHY PEOPLE HEALTHY FORESTSAND FORESTS AND HABITATS FAIR AND EQUAL SOCIETY @wwf_uk'.;2020-06-27
climatecatastrophe;Photo by Sl√≠ Eile in Canadian Embassy Dublin with @yintah_access, and @wetsuweten_checkpoint. May be an illustration of text.;2021-12-01
climatecatastrophe;Photo by becca lowry on January 25, 2020.;2020-03-19
climatestrikes;one or more people, people standing, outdoors and text that says 'FUCK EACH OTHER, NOT THE PLANET ardian ardian'.;2020-08-01
climatestrikes;text that says 'WHEN THE LAST TREE HAS Been FELLED'.;2021-04-23
climatestrikes;one or more people, people standing and outdoors.;2021-08-23
climatestrikes;text that says 'ROYAL RI PAVILION S WE DON'T WANT YOUR HOPE ACTION YOUR WE UTENGINE UU WANT PA'.;2020-07-10
climatestrikes;one or more people, people standing, outdoors and text that says 'RED LUCRAFT Ho 1A NoW I KNOW THIS IS SCARY BUT WE ARE BRAVER TOGETHER NOW LET'S FACE IT'.;2021-01-08
climatestrikes;Photo shared by RADII on January 28, 2021 tagging @howey_ou.;2021-01-28
climatestrikes;Photo by Eco Earth Market¬Æ on February 18, 2021.;2021-02-18
climatestrikes;Photo by Michele oliveira on April 05, 2021. May be a cartoon of body of water and text that says 'PLASTICS AGAIN? YEAH, THEY WERE OUT OF FISH.'.;2021-04-05
climatestrikes;text that says 'EARTH DAY50 TOGETHER WECAN. A'.;2020-04-22
climatechangesolutions;text that says 'Solutions to the climate crisis A Non Exhaustive List Atmos'.;2020-09-26
climatechangesolutions;text that says 'No more fossil fuels No easy task, but phasing out fossil fuel-fired power plants, vehicles, ships and factories at the end of their lifetime and replacing them with carbon alternatives gives us 65% chance of keeping global warming below 1.5¬∞C. Replacing these with green energy alternatives where possible such as solar, wind and wave power will allow for more sustainable energy production. Source: Nature Communications Atmos'.;2020-09-26
climatechangesolutions;text that says 'Cut out food waste The UN stated that if food waste was a country, it would be the third highest greenhouse gas emitter behind China and the US. It's estimated that around 1/3 of food globally goes to waste- -in the growing, production, retail and eventually consumer ges-responsible for 6% of global emissions. Sources: Scientific American, WWF, Our World in Data Atmos'.;2020-09-26
climatechangesolutions;text that says 'Infrastructure upgrades Buildings worldwide contribute around 1/3 of all greenhouse gas emissions and poorly constructed roads contribute to poor fuel economy. Building greener, energy-efficient energy- buildings and using renewable energy in concrete production will dramatically cut emissions. Source: Scientific American Atmos'.;2020-09-26
climatechangesolutions;text that says 'Fight disinformation TRUMP LIES ALL THE TIME JMP Climate facts and climate action have been hindered for years by the media, climate change deniers, fossil fuel industry leads and others with vested interests. They downplay and distort the evidence of climate change, lobby for policies that reward polluters, and attempt to undercut existing pollution standards. This barrage of disinformation misleads and confuses the public about the growing risks of global warming and makes it more difficult to implement the solutions we really need. Source: UCS USA Atmos'.;2020-09-26
climatechangesolutions;Photo by Atmos on September 26, 2020.;2020-09-26
climatechangesolutions;text that says 'Habitat restoration Habitats such as salt marsh and mangrove swamps can sequester carbon at rates of up to 40 times faster than forests. Protecting and restoring the current areas will keep a lid on the carbon already stored, while allowing and encouraging new areas to grow will trap yet more carbon from the atmosphere. Source: Project Drawdown Atmos'.;2020-09-26
climatechangesolutions;text that says 'Educate girls Humans rights are environmenta rights. They need to be at heart of all climate solutions to ensure the protection of all marginalised groups across the globe. Educating girls gives them a solid foundation for life. As whole, they receive higher wages, they're less likely to contract malaria or HIV, their families are more likely to flourish and they can be more effective stewards of food, soil, trees, and water in the face of climate change. Source: Project Drawdown Atmos'.;2020-09-26
climatechangesolutions;text that says 'Less beef, more plants Through land use change, the resource requirements and the production of methane and nitrous oxide, the meat industry-but in particular cattle rearing- contributes between 13-18% of greenhouse gas emissions. Food and eating have deep personal and cultural roots, and food choices aren't available for many millions of people around the world, but moving towards a more plant-rich diet can reduce emissions. Source: Skeptical science Atmos'.;2020-09-26
climatechangesolutions;"text that says 'For more solutions @projectdrawdown @unionofconcernedscientists www.skepticalscience.com Image Sources 1. Clark. ""Power!"" Flickr, 29 Dec. 2011 2. inorikof. ""Rotten Apple Planet"" Flickr, 26 Sept. 2009 3. Nixter. ""Sunset Desert Highway"" Flickr, 29 July 2017 4. Pickering. ""Protestors at the Capitol"" Flickr, 30 Jan. 2020 5. Zimny. ""New Zealand Rainbow"" Flickr, April 2017 6. Ray in Manila. ""The Male Cheetahs, Maasai Mara"" Flickr, 3 July 2018 Saw that ""School girls, Havana Cuba"" Flickr, May 2017 8. Robertson. ""2010 Vegetable Garden"" Flickr, The Forum News 21 Aug. 2011 Source: Skeptical science Atmos'.";2020-09-26
climatechangesolutions;standing, outdoors and tree.;2020-09-23
climatechangesolutions;text that says 'CO2 300 kg carbon emissions saved annually 30 additional trees every year That's the impact made my family of by composting 1 kg waste everyday! DM to get started! Ref: ifestyles /s.u publication GEF, UNDP, BEE'.;2020-09-11
climatechangesolutions;skyscraper, nature and grass.;2021-07-09
climatechangesolutions;one or more people and outdoors.;2020-09-07
climatechangesolutions;Photo by Ecological Landscape Designer in Stamford, Connecticut.;2021-09-13
climatechangesolutions;outdoors and brick wall.;2021-10-07
climatechangesolutions;text that says 'ACCORDING TO THE MOST COMPREHENSIVE ANALYSIS TO DATE OF THE DAMAGE FARMING DOES TO THE PLANET, CONDUCTED BY RESEARCHERS AT THE UNIVERSITY OF OXFORD, GOING VEGAN IS THE 'SINGLE BIGGEST WAY' TO REDUCE YOUR IMPACT ON EARTH. .Poore OXFORD OXFORDC CIRCUS surgeactivism.org SURGE'.;2021-08-16
climatechangesolutions;text that says 'CAS BMSC CLIMATE ACTION SERIES'.;2021-07-16
climatewarrior;baby, sitting and beach.;2021-06-22
climatewarrior;one or more people, people sitting, people standing and indoor.;2020-06-23
climatewarrior;road.;2021-04-23
climatewarrior;Photo by Million Dollar Vegan Italia on March 07, 2021.;2021-03-07
climatewarrior;one or more people and food.;2021-09-12
climatewarrior;one or more people and text that says 'Earth Day 2021'.;2021-04-22
climatewarrior;tree and nature.;2021-09-05
climatewarrior;Green background with a white and black quote - text explained in caption.;2021-01-24
climatewarrior;"book, outdoors and text that says '""It's desperately finally get forest policy right.. .mandatory reading."" Bill McKibben, author Falter SMOKESCREEN Debunking Wildfire Myths to Save Our Forests and Our Climate CHAD T. HANSON'.";2021-09-04
climatesmart;Photo by MalmoÃà Chokladfabrik in Malm√∂, Sweden.;2019-11-04
climatesmart;sky.;2020-05-19
climatesmart;Photo by Operose_workwear on November 25, 2021.;2021-11-25
climatesmart;Photo by Susies Plats on September 26, 2019.;2019-09-27
climatesmart;body of water.;2021-08-25
climatesmart;Photo by Beautiful Knitters in Beautiful Knitters.;2021-03-23
climatesmart;food and indoor.;2021-05-26
climatesmart;one or more people, people standing and outdoors.;2021-07-02
climatesmart;Photo by Alchemist Farm in Russian River, Sonoma California with @roots_and_refuge, @betterhomesandgardens, @marthastewart, @modfarm, @youngfarmers, @organiclifemag, @countrylivingmag, @backyardpoultrymag, @theoldfarmersalmanac, @farmersalmanac, @nationalfarmersunion, @sonomacountyfarmtrails, @nature.geography, @countryhomemagazine, @beside_magazine, @naturee, and @michael.pollan.;2020-11-12
climateweeknyc;Photo by Related Companies in One Union Square South with @nytimes, and @related_rentals.;2020-09-21
climateweeknyc;Photo shared by GrowNYC Union Sq Greenmarket on September 21, 2020 tagging @grownyc, and @theclimategroup.;2020-09-21
climateweeknyc;Photo by del coyle üåø in Planet Earth with @climatediva, @ecoage, @glblctzn, @theclimategroup, @basicenvironmentalist, @climatereality, @unclimatechange, @wastefreeplanet, @ourplanet, @ecoresolution, @cnnclimate, and @ecowithnico.;2020-09-22
climateweeknyc;text that says 'Before After'.;2020-09-27
climateweeknyc;indoor.;2021-09-25
climateweeknyc;Photo by The Prince's Foundation on September 29, 2020.;2020-09-29
climateweeknyc;one or more people, people standing and text that says 'Note to self: Don't forget to sign up for SoulCycle studio classes mcnallz SoulCycle NoHo m6p'.;2021-09-21
climateweeknyc;one or more people, people standing and outdoors.;2021-09-20
climateweeknyc;one or more people and outdoors.;2021-09-20
climateweeknyc;child, sitting, street and road.;2021-09-20
climateweeknyc;child.;2021-09-20
climateweeknyc;one or more people, people standing, outdoors and text that says 'FOSSIL FUELS FOREST FIRES FLASH FLOODS OUR CLIMATE FD UP!'.;2021-09-20
climateweeknyc;one or more people and outdoors.;2021-09-20
climateweeknyc;one or more people, people standing, outdoors and text that says 'LE'.;2021-09-20
climateweeknyc;one or more people and text that says 'I CANT BREATHE'.;2021-09-20
climateweeknyc;one or more people, people standing and outdoors.;2021-09-20
climateweeknyc;one or more people and outdoors.;2021-09-20
climateweeknyc;text that says 'DECADE OFCHANGE NESTSUMMIT SEPTEMBER 21-22, 2021 NYC CLIMATE WEEK NYC CLIMGRU CLIMATE CLIMATE THE D MUSEUM'.;2021-09-22
climateanxiety;text that says 'OUR DYING PLANET NEEDS SOME DEATH DOULAS @death.ambassadors @death'.;2021-10-20
climateanxiety;Photo by Michael Chance on September 29, 2021. May be art of indoor.;2021-09-29
climateanxiety;Photo by Michael Chance on September 29, 2021. May be art.;2021-09-29
climateanxiety;Photo by Michael Chance on September 29, 2021. May be an illustration.;2021-09-29
climateanxiety;Photo by Michael Chance on September 29, 2021. May be an illustration.;2021-09-29
climateanxiety;"text that says 'How to *actually* be climate impactful Examine your sites of change, leverage points, and areas of influence Center Black and Indigenous liberation Accept messiness and imperfection Cultivate radical imagination Slow down, practice slow hope, and explore inspiring stories of change Beware of urgency when it pulls you to act out of fear, rather than thoughtfullness Practice saying ""no"" so you can be fully present to what you say ""yes"" to Selin @coachingresiliency'.";2021-04-23
climateanxiety;text that says 'on Hope Earth A MEDITATION FOR CLIMATE ANXIETY Sunday 8/29 12p PDT Donation Based (no one turned away) Hosted via Zoom-will be recorded'.;2021-08-23
climateanxiety;Photo by Carla Scotto on August 18, 2021. May be a cartoon of text that says 'THE TIME NOW S'.;2021-08-19
climateanxiety;‚Äétext that says '‚ÄéEs ist Ok ÿß GREENPEACE JUGEND‚Äé'‚Äé.;2022-02-22
climateanxiety;text that says 'Es ist Ok, wenn es dir nicht gut geht! GREENPEACE JUGEND'.;2022-02-22
climateanxiety;one or more people and text that says 'Es ist Ok, um Hilfe zu bitten & diese anzunehmen! GREENPEACEND'.;2022-02-22
climateanxiety;text that says 'Es ist Ok, Wenn du dich einfach nur verstecken m√∂chtest! GREENPEACE JUGEND'.;2022-02-22
climateanxiety;text that says 'Es ist Ok, wenn dir die Nachrichten zu viel werden! BREAKING NEWS BREAKING BRE NEWS GREENPEACE JUGEND'.;2022-02-22
climateanxiety;text that says 'Es ist Ok, eine Pause zu machen! GREENPEACE JUGEND'.;2022-02-22
climateanxiety;text that says 'Du bist nicht allein! C GREENPEACE JUGEND'.;2022-02-22
climateanxiety;text that says 'Hier gibt' S Hilfe: Telefonseelsorge: 08001110111 0800 111 222 Krisenchats: telefonseelsorge.de krisenchat.de (bis 25 Jahre) GREENPEACE JUGEND'.;2022-02-22
climateanxiety;"outdoors, tree and text that says 'Icarus Complex The thing about climate is that you can either be overwhelmed by the complexity of the problem or fall in love with the creativity of the solutions."" MARY ANNA√ØSE HEGLAR Climate justice writer'.";2021-08-22
climateanxiety;text that says 'Mikael Romer Da min kone holdt op med at flyve 29 REJSE 29JOLIG OR √õELLI BYENS FORL AG'.;2020-11-30
climateanxiety;Photo by Jennie on November 30, 2020.;2020-11-30
climateanxiety;book and text that says 'From the Winner ofthe winner Prize Bewilderment '5 Richard Bewildermen Powers Author ofthe Booker-shortlisted The Overstory 2'.;2021-10-09
climateengineering;one or more people and text that says 'What if I told you TELEVISION is the MONSTER in your home. And it's called a PROGRAM for a reason. Your television is nothing more than an electronic mind altering device It has been designed to psychologically change the ways you view reality.'.;2021-08-14
climateengineering;outdoors.;2020-03-30
climateengineering;cloud and nature.;2020-05-25
climateengineering;#climatechange #climatechangenow #globalwarming;2021-01-08
climateengineering;cloud and text that says 'ALL I WANT FOR CHRISTMAS IS FOR THIS SHIT TO STOP!'.;2021-12-24
climateengineering;text that says 'NICE DAY I THINK I'LL SIT OUTSIDE 30 MINS LATER 1HOUR LATER'.;2020-06-01
climateengineering;text that says 'Your Climate Action Journey BUY LESS STUFF EAT EAT LESS MEAT REDUCE REUSE. REPURPOSE AND ONLY BUY WHAT YOU NEED EAT MORE PLANT-BASED FOODS SWITCH TO RENEWABLE ENERGY DRIVE LESS OPT FOR 100% RENEWABLE ENERGY WHICH CAN REPLENISH THEMSELVES NATURALLY SWITCH TO PUBLIC TRANSPORTATION, BIKE. WALK ,OR CARPOOL'.;2020-10-29
climateengineering;outdoors and text that says 'Avasara Academy / Case Design BUILDING OF THE YEAR 2020 presented Twinmotion NOMINATE THIS PROJECT'.;2020-02-02
climateengineering;nature, grass and tree.;2021-05-09
climatechangememes;text that says 'Deniers: cLiMaTe ChAnGe iSn'T rEaL Scientists: The end is near Ultra Runners:'.;2021-07-27
climatechangememes;text that says 'No one: Conservative's guides for debating people on climate change: How to assert dominance using only whale noises @pessimistic_cnvzonmentalist'.;2020-04-12
climatechangememes;Photo by Earth Environment & Nature in Planet Earth with @worthfeed, @unbiodiversity, @inkka.healthylifestyle, @plasticfreedom_, @ecocentrik, @ecoroots, @the.eco.warrior, @teamterraoath, @oneearth, @reducewastenow, @beclean.gogreen, @get.waste.ed, @ecochronicles, @sustainable.today, @blueoceanaction, @thezerowasteguide, @theecoguys, @southausnature, and @zeroxplastic.;2020-03-27
climatechangememes;text that says 'Me when I pick up trash that isn't mine @thefutureisbamboo'.;2021-08-21
climatechangememes;one or more people and text that says 'Is there a tax I can pay to stop Covid-19, or does that only work for climate change?'.;2021-04-29
climatechangememes;text that says 'This is what really melted Thisiswhtrelly.eltedthece the ice caps!!! Massimo @Rainmaker1973 2d Photographer Josh Anon captured the perfect moment in which the rising sun made this polar bear's backlit breath look like fire buff.ly/ 2FDooAk'.;2020-07-16
climatechangememes;Photo by This world is helpless on December 09, 2021. May be a meme of text that says 'My kidnapper returning me because I asked them if their van was electric or fue and ranted for 4 hours about why they need to switch to electric made with mematic'.;2021-12-09
climatechangememes;"Photo shared by CHRISTOPHER ASHMAN | Actor on January 11, 2021 tagging @greenpeace, and @christopherashmanactor. May be a Twitter screenshot of text that says 'Christopher Ashman @CAshmanActor ""there's plenty more fish in the sea"" bro we've ruined the planet, no there aren't'.";2021-01-11
climatechangememes;text that says 'V for UNITY EQUALITY Will Climate Change Cause the End of Human Existence? The climate emergency isn't something we can self-isolate from, so we need to be as prepared as possible. #UnityForEquality'.;2021-01-20
climatesummit;flower.;2021-04-22
climatesummit;"one or more people and text that says 'How it started ""We are serious about climate change... This means making decisions based on science, it means reducing carbon emissions..."" How it's going -Approved Trans Mountain -Canada's carbon emissions on the rise -Oil & gas subsidies increased flickr.com/photos/collisionconf/'.";2021-04-23
climatesummit;one or more people and text that says 'Cancelled Keystone XL Approved Trans Mountain (Twice) # Stop StopTMX G'.;2021-04-23
climatesummit;one or more people and text that says 'CLIMATE LEADERS DON'T BUY PIPELINES'.;2021-04-23
climatesummit;text that says 'EARTH DAY Zo'.;2021-04-22
climatesummit;text that says 'B Corp Global Climate Summit June 29-30 & July 1, 2021 REGISTER NOW'.;2021-06-28
climatesummit;text that says 'Resistan, ya casi llegamos al 2030.'.;2021-11-06
climatesummit;animal, food and outdoors.;2021-11-07
climatesummit;text that says 'RUSSIA CANADA ANTARCTICA EARTH'S SURFACE'.;2021-04-22
climatesummit;Photo shared by Lina Burnelius on April 22, 2021 tagging @friends_earth, @europaparlamentet, @mette, and @potus. May be an illustration of one or more people, people standing and text that says 'WHAT Is THE SECRET BEHIIND GREEN DENMARK? WE BURN OTHER PEOPLES FORESTS. AsMO'.;2022-01-22
climatesummit;one or more people and text that says 'VegNews GRETA THUNBERG CALLS OUT HYPOCRISY OF WORLD LEADERS FOR EATING STEAK AND LOBSTER AT CLIMATE SUMMIT'.;2021-06-16
climateactionsg;Photo shared by MSE Singapore on August 10, 2020 tagging @thisisaudsomee.;2020-08-21
climateactionsg;text that says 'ALLIES Vegan and Muslim: How to Get Through Your First Ramadan & Eid asa Vegan with Muhammad Ryza Streaming on IG Live Monday, May 4th 2020 08.00 p.m (Jakarta) 09.00 p.m (Singapore)'.;2020-05-04
climateactionsg;one or more people and text that says 'CLIMATE WEEK NYC MOVING FORWARD THE IDEA OF A GREAT GREEN WALL OF CITIES AGAINST CLIMATE CHANGE CLIMATE SUMMIT 2019 Speaker: Stefano Boeri CLIMATEACTION219 SUMMIT A RACE WE CAN WIN stefanoboeriarchitetti'.;2019-09-22
climateactionsg;Photo by Ryza & Nora | Singapore in Asia/Singapore with @msesingapore, @lynnanis, @thefeedfeed, @malnaalias, @javanese_vegan, @bluezones, @projectdrawdown, @thrivemags, @thefeedfeed.vegan, @sgfoodrescue, @veganuary.sg, @ssgallery.sg, and @sgclimaterally.;2019-08-19
climateactionsg;food and indoor.;2019-06-01
climateactionsg;Photo by Chu Yu ‚òÅÔ∏è ÈÇìÊ•öÈ¶Ä on May 29, 2019.;2019-06-01
climateactionsg;dessert and indoor.;2019-06-01
climateactionsg;dessert.;2019-06-01
climateactionsg;Photo by Designer Beeswax Food Wraps on June 04, 2020.;2020-06-04
climateactionsg;Photo by Designer Beeswax Food Wraps on June 04, 2020. May be an illustration of text that says 'MILK MILK ///€± MILK examples'.;2020-06-04
climateactionsg;Photo by CHOW Âë®‰Ω≥ÊÖß on November 29, 2020.;2020-11-29
climateactionsg;Photo by CHOW Âë®‰Ω≥ÊÖß on November 29, 2020.;2020-11-29
climateactionsg;food.;2021-01-06
climateactionsg;Photo by ·¥ã·¥Ä Ä è…¥ ·¥Ä…¥…¥·¥Ä ·¥°·¥è…¥…¢ | ÈªÑËØóÊïè in Singapore with @merrowfins, @wunderland_arts, and @influencerssg.;2019-09-12
climatememes;4 people and text that says 'Me signing climate action petitions with every one of my email addresses'.;2021-10-08
climatememes;text that says 'OIL PEOPLE PROPERLY WHO RECYCLE ME @LifeWaterUK @L'.;2021-02-03
climatememes;Photo by Lowsoot on January 31, 2022. May be a cartoon of text that says 'A sad person A sad environmentalist LOT SOOT LOW'.;2022-01-31
climatememes;2022 Ocean Awareness Contest: THE FUNNY THING ABOUT CLIMATE CHANGE. Free to enter ‚Ä¢ Ages 11-18 ‚Ä¢ Worldwide. Up to $1,500 in awards. Visual Art | Poetry & Spoken Word | Creative Writing | Film | Performing Arts | Interactive & Multimedia. Submit by June 13, 2022. www.bowseat.org/contest;2021-09-01
climatememes;"water, ocean and text that says 'CLIMATE CHANGE TIMELINE ""CLIMATE CHANGE ISNT REAL"" OOPS FUCK OK, CLIMATE CHANGE IS REAL, WE'RE JUST NOT CONVINCED IT'S CAUSED BY HUMANS'.";2021-10-06
climatememes;Photo by Klimareporter.in in Wien, √ñsterreich with @mindfool.maria, @climatesaustria, and @clim.school. May be a meme of text that says 'FAST FASHION BRANDS AFTER CONSUMERS TELL THEM TO NOT ONLY PAY CELEBRETIES AND INFLUENCERS BUT THEIR GARMENT WORKERS @klimareporter.in'.;2021-04-23
climatememes;"text that says 'CLIMATE CHANGE A TIMELINE ""CLIMATE CHANGE ISNT REAL"" OOPS OK, CLIMATE CHANGE IS REAL, WE'RE JUST NOT CONVINCED IT'S CAUSED HUMANS FUCK BY'.";2021-03-08
climatememes;Photo shared by Brenna Quinlan on June 30, 2021 tagging @americanredcross, @guardian, @britishredcross, @guardianaustralia, @redcrossau, @rcmpgrcpolice, @bbcearth, @redcrosscanada, @guardian_us, @icrc, @mutualaiddisasterrelief, @wcsadapts, @climateresilience, @adaptationatlantic, @redcross.org.uk, @state_emergency_services, @climateresilienceproject, @theclimateresilience, @cassummit2021, and @climateadaptationcenter. May be a cartoon of text.;2021-07-01
climatememes;one or more people and text that says 'CANNIBAL FOR THE PLANET gretathunberg'.;2021-07-13
climaterealityproject;nature;2020-01-24
climaterealityproject;nature;2020-04-15
climaterealityproject;Photo by CHICO SHIGETA in Brown Rice by Neal'syard RemediesÔºà„Éñ„É©„Ç¶„É≥„É©„Ç§„ÇπÔºâ with @kenjikajiwara0204.;2020-03-08
climaterealityproject;one or more people and outdoors.;2021-04-30
climaterealityproject;one or more people and people standing.;2021-03-02
climaterealityproject;Photo by EcoActionFamilies ‚òÄÔ∏è in London, United Kingdom with @london_cycling_campaign, @greenpeaceuk, @wwf_uk, @friends_earth, @_wearepossible, @theclimatecoalition, @_ukycc_, @sustainable_stephanie, @adapt_____, @peacewiththewild, @xr.brighton, @ukscn, @youthstrike4climate, @xrebellionuk, @bristolys4c, @ecolivinguk, @musicdeclares, @ecofriendlyhenri, and @climatecensusuk.;2021-03-05
climaterealityproject;tree and nature.;2020-08-04
climaterealityproject;text that says 'GOAL, MAKE PODCAST TOP 10 NATURE SHOW BY SUMMER 2021'.;2020-07-13
climaterealityproject;Photo shared by Izabella Rekiel on March 07, 2021 tagging @moncler, @climatereality, and @extremeelive.;2021-03-07
climaterealityproject;Photo shared by Izabella Rekiel on March 07, 2021 tagging @algore.;2021-03-07
climatecrisisisreal;book.;2020-06-12
climatecrisisisreal;one or more people.;2021-08-13
climatecrisisisreal;text that says '12 WAYS TO FIGHT CLIMATE CHANGE! COMPOST Eat organic food Compost Switch to LED lights Eat less meat Cycle or walk instead of driving Replace single- use items for reusables Unplug electronics when not in use Eat locally grown food Reduce food waste LESS IS MORE Buy more second hand cloths Hang dry clothes Buy less @oceanrebuild'.;2022-01-01
climatecrisisisreal;one or more people and text that says 'lucy gray baird @raccorns the fact that you can get arrested simply for refusing to let a giant corporation poison your drinking water or cut down your forests by just standing in the way should be enough to radicalize everyone against these settler colonial regimes 10:34 AM 22 Aug 21 Twitter for iPhone'.;2021-08-23
climatecrisisisreal;text that says 'the government protect kids from climate change OR draw 25'.;2021-07-11
climatecrisisisreal;Photo by Global Witness on November 21, 2020. May be a cartoon.;2020-11-21
climatecrisisisreal;one or more people, nature, tree and body of water.;2021-09-09
climatecrisisisreal;nature and sky.;2021-09-26
climatecrisisisreal;outdoors and text that says 'CONTROVERSY CORNER WHY I REFUSE TO PARTICIPATE IN COP26 THIS NOVEMBER THE 2021 CLIMATE CONFERENCE SERIES UNCLIMATE ONCLIMATE CHANGE CONFERENCE UK2021 WITH ITHITALY ITALY IN PARTNERSHIP PARTNERSHIP Written by Stephen Leonard'.;2021-09-03
climatebreakdown;text that says 'THE PLASTIC YOU USE ONCE TORTURES THE OCEANS FOREVER uselessplastic SHEPHERD'.;2021-08-04
climatebreakdown;one or more people, people standing and outdoors.;2021-11-02
climatebreakdown;one or more people, outdoors and text that says 'CODEORED HUMANITY'.;2021-11-02
climatebreakdown;"one or more people and text that says 'Stop saying: ""Do it for your children"" Start saying: ""Do ""f it for the people dying @thegreenmonki'.";2021-07-15
climatebreakdown;text that says 'NUMBER OF YEARS GLOBAL LEADERS HAVE MET TO DISCUSS CLIMATE CHANGE: -- 25 NUMBER OF YEARS CO2 EMISSIONS HAVE FALLEN: O GREENPEACE'.;2021-11-08
climatebreakdown;flower and nature.;2021-08-12
climatebreakdown;bird.;2021-12-05
climatebreakdown;"text that says '""Ask anyone, for what purpose everything exists... The general answer is that everything was created for our practical use and accommodation. In short, the whole magnificent scene of things is daily and confidently asserted to be ultimately intended for the peculiar convenience of mankind. Thus do the bulk of the human species vauntingly elevate themselves above the innumerable existences that surround them."" G.H. Toulmin, The Antiquity and Duration of the World, 1780'.";2021-12-05
climatebreakdown;one or more people and people standing.;2021-09-09
climatebreakdown;rhinoceros and outdoors.;2021-10-18
climatebreakdown;Photo by Peter Anderson on July 14, 2021. May be art.;2021-07-14
climatempo;sky.;2022-01-09
climatempo;cloud.;2022-01-12
climatempo;Photo shared by P·¥Ä·¥è ü·¥Ä C·¥Ä·¥¢·¥¢·¥Ä…¥…™…¢·¥Ä on January 10, 2022 tagging @tv_soft, @bpa_nature_, @tv_closeup, @macro_mextures, @rsa_outdoors, @macro_mania__, @vizorturkflowermacro, @ig_naturemagic, @allkindsofmagic, @natures.moods, @lensloves_nature, @silenzicolorati, @scatto_nature, @scatto_macro, @natures.lights, and @nature_lensart. May be a closeup of nature.;2022-01-10
climatempo;sky and text that says 'ALERTA DEFESA CIVIL CALOR INTENSO 11.01√ê 11.01a14.01 14.01 TEMPERATURA: 28¬∞Ca31‚ÑÉ Redobreo cuidados idosos, crian√ßas e pets. SEHIDRATE, BA√ÅGUA Em caso de emerg√™ncias, acione Defesa Civil pelo Corpo de Bombeiros pelo 193 Fonte: Defesa Civil de Santa Catarina ou Bandf Florian√≥polis 96.1'.;2022-01-12
climatempo;lightning and text that says 'tama'.;2022-01-19
climatempo;nature and mountain.;2022-03-09
climatempo;one or more people.;2021-10-19
climatempo;Photo by Magali Maschi in Gota Antiga Estrada Ibitinga-Bauru. May be a closeup of nature and grass.;2022-01-23
